step,loss,loss_fm,loss_alpha,loss_orth,lr,t
20,3.752164,3.331850,0.066909,0.353406,1.000000e+00,0.445312
40,2.345098,1.945648,0.291770,0.107680,1.000000e+00,0.777344
60,1.878846,1.618238,0.197422,0.063186,1.000000e+00,0.769531
80,0.421376,0.394938,0.003383,0.023056,1.000000e+00,0.785156
100,1.097026,1.082334,0.002340,0.012352,1.000000e+00,0.189453
120,0.584900,0.536592,0.035532,0.012776,1.000000e+00,0.910156
140,0.592512,0.560896,0.012161,0.019454,1.000000e+00,0.843750
160,0.670995,0.357017,0.004230,0.309748,1.000000e+00,0.621094
180,0.762180,0.545604,0.006736,0.209841,1.000000e+00,0.738281
200,0.772798,0.577605,0.005327,0.189867,1.000000e+00,0.632812
220,0.631220,0.570928,0.006144,0.054149,1.000000e+00,0.835938
240,0.308691,0.265674,0.004438,0.038578,1.000000e+00,0.742188
260,1.053159,1.025278,0.012423,0.015457,1.000000e+00,0.437500
280,0.462921,0.433157,0.007668,0.022097,1.000000e+00,0.835938
300,0.920062,0.812135,0.004356,0.103570,1.000000e+00,0.558594
320,0.741198,0.455061,0.004023,0.282114,1.000000e+00,0.886719
340,0.305463,0.290739,0.006185,0.008538,1.000000e+00,0.816406
360,0.333911,0.310429,0.006367,0.017114,1.000000e+00,0.925781
380,0.432411,0.394273,0.004895,0.033243,1.000000e+00,0.738281
400,0.421213,0.363637,0.006402,0.051175,1.000000e+00,0.765625
420,0.664397,0.505848,0.003190,0.155359,1.000000e+00,0.335938
440,0.656262,0.299728,0.003345,0.353189,1.000000e+00,0.609375
460,0.815446,0.785080,0.004823,0.025542,1.000000e+00,0.490234
480,0.662966,0.632114,0.006344,0.024507,1.000000e+00,0.605469
500,0.430978,0.403575,0.006163,0.021240,1.000000e+00,0.863281
520,0.703833,0.586740,0.004643,0.112451,1.000000e+00,0.738281
540,0.494305,0.444842,0.004360,0.045104,1.000000e+00,0.648438
560,0.708292,0.419838,0.003820,0.284634,1.000000e+00,0.447266
580,0.502554,0.397066,0.006997,0.098491,1.000000e+00,0.679688
600,1.629027,1.601457,0.009807,0.017763,1.000000e+00,0.376953
620,0.544648,0.502602,0.014131,0.027916,1.000000e+00,0.800781
640,0.341121,0.316910,0.004726,0.019485,1.000000e+00,0.882812
660,1.266606,1.238933,0.018592,0.009081,1.000000e+00,0.455078
680,1.446966,1.367503,0.005165,0.074298,1.000000e+00,0.347656
700,0.518240,0.342036,0.010720,0.165485,1.000000e+00,0.632812
720,1.007855,0.956571,0.005242,0.046043,1.000000e+00,0.445312
740,0.633016,0.603918,0.005438,0.023660,1.000000e+00,0.503906
760,0.490641,0.245745,0.004058,0.240838,1.000000e+00,0.636719
780,0.299919,0.281001,0.005084,0.013835,1.000000e+00,0.828125
800,0.615613,0.387474,0.002933,0.225206,1.000000e+00,0.527344
820,0.624891,0.606239,0.002364,0.016288,1.000000e+00,0.558594
840,0.700296,0.446152,0.005704,0.248439,1.000000e+00,0.914062
860,0.807917,0.763881,0.036574,0.007462,1.000000e+00,0.906250
880,0.528139,0.495029,0.003639,0.029471,1.000000e+00,0.796875
900,1.321330,1.267367,0.007946,0.046017,1.000000e+00,0.431641
920,0.358285,0.328096,0.002320,0.027868,1.000000e+00,0.765625
940,0.497275,0.415086,0.072361,0.009827,1.000000e+00,0.949219
960,0.489690,0.472133,0.004574,0.012983,1.000000e+00,0.726562
980,0.597966,0.575204,0.003466,0.019296,1.000000e+00,0.539062
1000,0.537900,0.481836,0.025305,0.030759,1.000000e+00,0.929688
1020,0.463064,0.199346,0.006854,0.256864,1.000000e+00,0.933594
1040,0.947049,0.881184,0.052023,0.013842,1.000000e+00,0.906250
1060,0.318505,0.143825,0.004110,0.170570,1.000000e+00,0.808594
1080,0.871162,0.569367,0.016869,0.284925,1.000000e+00,0.660156
1100,0.453323,0.246554,0.007110,0.199659,1.000000e+00,0.660156
1120,1.630496,1.512059,0.009733,0.108704,1.000000e+00,0.179688
1140,0.839120,0.480998,0.008776,0.349346,1.000000e+00,0.550781
1160,0.667750,0.599414,0.011230,0.057106,1.000000e+00,0.455078
1180,0.944283,0.834269,0.084456,0.025558,1.000000e+00,0.960938
1200,0.881294,0.870092,0.005055,0.006147,1.000000e+00,0.447266
1220,1.073626,0.853114,0.009061,0.211451,1.000000e+00,0.494141
1240,0.712461,0.654121,0.004816,0.053523,1.000000e+00,0.570312
1260,0.718547,0.432632,0.008214,0.277700,1.000000e+00,0.597656
1280,0.619003,0.605226,0.005554,0.008223,1.000000e+00,0.656250
1300,0.327140,0.157281,0.005862,0.163997,1.000000e+00,0.808594
1320,0.576536,0.334102,0.009699,0.232736,1.000000e+00,0.777344
1340,0.650489,0.372622,0.007604,0.270262,1.000000e+00,0.828125
1360,0.531944,0.312390,0.003324,0.216230,1.000000e+00,0.820312
1380,0.548322,0.368209,0.007133,0.172980,1.000000e+00,0.753906
1400,1.119025,0.901390,0.002795,0.214840,1.000000e+00,0.416016
1420,0.431573,0.385336,0.004810,0.041427,1.000000e+00,0.660156
1440,1.003571,0.904691,0.008432,0.090449,1.000000e+00,0.470703
1460,0.763919,0.362182,0.006647,0.395090,1.000000e+00,0.707031
1480,0.600579,0.478473,0.007153,0.114953,1.000000e+00,0.750000
1500,0.414398,0.375487,0.005145,0.033766,1.000000e+00,0.789062
1520,0.617251,0.389205,0.021054,0.206991,1.000000e+00,0.894531
1540,0.579572,0.437145,0.006597,0.135830,1.000000e+00,0.847656
1560,0.482551,0.272363,0.105425,0.104763,1.000000e+00,0.933594
1580,0.798663,0.772479,0.007957,0.018227,1.000000e+00,0.392578
1600,0.783100,0.547559,0.008326,0.227215,1.000000e+00,0.656250
1620,0.829820,0.578257,0.003786,0.247777,1.000000e+00,0.644531
1640,0.314335,0.193536,0.008813,0.111986,1.000000e+00,0.855469
1660,0.695960,0.423622,0.002818,0.269521,1.000000e+00,0.355469
1680,0.630101,0.606066,0.004859,0.019176,1.000000e+00,0.585938
1700,0.534177,0.528611,0.004082,0.001484,1.000000e+00,0.910156
1720,1.040600,1.008745,0.005544,0.026312,1.000000e+00,0.527344
1740,0.694434,0.390783,0.017013,0.286638,1.000000e+00,0.488281
1760,0.841799,0.819712,0.006783,0.015304,1.000000e+00,0.531250
1780,0.534221,0.327769,0.005747,0.200705,1.000000e+00,0.839844
1800,0.581517,0.514361,0.002962,0.064194,1.000000e+00,0.445312
1820,0.474277,0.417580,0.004998,0.051698,1.000000e+00,0.652344
1840,0.529678,0.371822,0.009942,0.147915,1.000000e+00,0.640625
1860,0.670452,0.659297,0.005601,0.005554,1.000000e+00,0.632812
1880,0.915501,0.608136,0.007825,0.299540,1.000000e+00,0.617188
1900,0.398749,0.376480,0.004619,0.017650,1.000000e+00,0.835938
1920,0.397755,0.387999,0.005845,0.003911,1.000000e+00,0.738281
1940,0.449873,0.400645,0.005674,0.043554,1.000000e+00,0.730469
1960,0.315118,0.300303,0.003948,0.010867,1.000000e+00,0.878906
1980,0.620831,0.374937,0.001851,0.244043,1.000000e+00,0.425781
2000,0.816440,0.568169,0.032703,0.215568,1.000000e+00,0.964844
2020,0.709611,0.693593,0.005499,0.010519,1.000000e+00,0.589844
2040,0.586528,0.482021,0.013318,0.091189,1.000000e+00,0.574219
2060,0.509444,0.478963,0.015827,0.014654,1.000000e+00,0.734375
2080,0.478635,0.474557,0.003700,0.000377,1.000000e+00,0.878906
2100,0.555626,0.208150,0.004638,0.342839,1.000000e+00,0.730469
2120,0.742626,0.686280,0.003605,0.052741,1.000000e+00,0.679688
2140,1.730112,1.694659,0.004436,0.031017,1.000000e+00,0.429688
2160,0.644506,0.461627,0.006441,0.176438,1.000000e+00,0.683594
2180,0.541982,0.529745,0.005062,0.007175,1.000000e+00,0.470703
2200,0.334161,0.325638,0.002183,0.006340,1.000000e+00,0.863281
2220,0.498919,0.491806,0.006503,0.000609,1.000000e+00,0.660156
2240,0.833341,0.320332,0.007114,0.505895,1.000000e+00,0.695312
2260,0.875177,0.821159,0.005374,0.048643,1.000000e+00,0.367188
2280,0.512220,0.469230,0.017842,0.025148,1.000000e+00,0.847656
2300,0.649249,0.271965,0.005744,0.371540,1.000000e+00,0.832031
2320,0.553616,0.523453,0.006492,0.023671,1.000000e+00,0.710938
2340,0.837517,0.602716,0.003805,0.230996,1.000000e+00,0.433594
2360,0.270788,0.243029,0.002150,0.025609,1.000000e+00,0.902344
2380,0.342591,0.313372,0.008179,0.021040,1.000000e+00,0.812500
2400,0.824841,0.734439,0.015058,0.075344,1.000000e+00,0.498047
2420,1.099815,1.080618,0.004090,0.015107,1.000000e+00,0.503906
2440,0.744984,0.727363,0.003524,0.014097,1.000000e+00,0.605469
2460,0.435715,0.411106,0.004378,0.020232,1.000000e+00,0.925781
2480,1.342561,1.318942,0.005864,0.017754,1.000000e+00,0.349609
2500,0.830262,0.822286,0.004376,0.003599,1.000000e+00,0.242188
2520,0.676406,0.646237,0.007759,0.022410,1.000000e+00,0.605469
2540,0.625524,0.582422,0.010611,0.032492,1.000000e+00,0.679688
2560,0.407429,0.390632,0.008495,0.008301,1.000000e+00,0.863281
2580,0.357996,0.350154,0.004709,0.003132,1.000000e+00,0.796875
2600,0.880194,0.399194,0.010744,0.470256,1.000000e+00,0.757812
2620,0.689627,0.346371,0.004383,0.338873,1.000000e+00,0.609375
2640,0.381438,0.351944,0.005484,0.024009,1.000000e+00,0.816406
2660,0.912951,0.550845,0.005773,0.356334,1.000000e+00,0.566406
2680,1.062093,0.942520,0.002224,0.117349,1.000000e+00,0.373047
2700,0.433738,0.205731,0.003435,0.224572,1.000000e+00,0.617188
2720,0.857601,0.811201,0.006238,0.040163,1.000000e+00,0.867188
2740,0.559920,0.526649,0.006756,0.026516,1.000000e+00,0.699219
2760,1.110786,1.033011,0.041938,0.035837,1.000000e+00,0.703125
2780,0.812842,0.748080,0.006876,0.057886,1.000000e+00,0.777344
2800,0.435529,0.411262,0.009793,0.014474,1.000000e+00,0.816406
2820,0.261013,0.214308,0.003256,0.043449,1.000000e+00,0.875000
2840,0.543660,0.202912,0.014322,0.326426,1.000000e+00,0.769531
2860,0.267074,0.092209,0.002797,0.172069,1.000000e+00,0.960938
2880,0.562303,0.545298,0.009435,0.007570,1.000000e+00,0.832031
2900,0.377478,0.362217,0.004765,0.010496,1.000000e+00,0.714844
2920,0.386818,0.353783,0.010588,0.022447,1.000000e+00,0.898438
2940,0.580107,0.419187,0.002917,0.158003,1.000000e+00,0.855469
2960,0.868914,0.485221,0.013620,0.370074,1.000000e+00,0.722656
2980,0.477492,0.366903,0.006826,0.103763,1.000000e+00,0.714844
3000,0.393378,0.368836,0.007102,0.017440,1.000000e+00,0.875000
3020,0.341687,0.310432,0.010750,0.020505,1.000000e+00,0.851562
3040,0.450735,0.437772,0.011546,0.001417,1.000000e+00,0.640625
3060,0.312390,0.294685,0.001990,0.015715,1.000000e+00,0.839844
3080,0.421032,0.159418,0.021196,0.240418,1.000000e+00,0.820312
3100,0.712748,0.354718,0.005092,0.352937,1.000000e+00,0.531250
3120,0.877413,0.656931,0.022077,0.198405,1.000000e+00,0.968750
3140,0.902163,0.546109,0.004276,0.351778,1.000000e+00,0.102539
3160,0.443746,0.208553,0.018700,0.216493,1.000000e+00,0.871094
3180,0.668766,0.452733,0.005859,0.210175,1.000000e+00,0.710938
3200,0.832750,0.547631,0.002794,0.282325,1.000000e+00,0.582031
3220,0.670663,0.357690,0.006708,0.306265,1.000000e+00,0.660156
3240,0.620292,0.615204,0.004759,0.000329,1.000000e+00,0.542969
3260,0.353658,0.348874,0.004134,0.000649,1.000000e+00,0.773438
3280,0.898619,0.881818,0.003310,0.013491,1.000000e+00,0.462891
3300,0.341526,0.274241,0.005310,0.061975,1.000000e+00,0.917969
3320,1.143313,1.132092,0.004918,0.006303,1.000000e+00,0.306641
3340,0.666779,0.498653,0.005611,0.162514,1.000000e+00,0.625000
3360,0.655456,0.358448,0.004828,0.292179,1.000000e+00,0.914062
3380,0.570975,0.476502,0.004784,0.089689,1.000000e+00,0.796875
3400,1.037294,0.993431,0.004375,0.039488,1.000000e+00,0.291016
3420,0.777505,0.756261,0.009475,0.011769,1.000000e+00,0.773438
3440,0.536251,0.513263,0.003655,0.019333,1.000000e+00,0.609375
3460,0.634131,0.349086,0.013401,0.271644,1.000000e+00,0.917969
3480,0.399510,0.346396,0.007392,0.045722,1.000000e+00,0.757812
3500,0.712773,0.352310,0.004165,0.356297,1.000000e+00,0.824219
3520,0.512414,0.451784,0.007305,0.053325,1.000000e+00,0.753906
3540,0.385768,0.364383,0.008503,0.012882,1.000000e+00,0.894531
3560,0.836854,0.316548,0.004267,0.516038,1.000000e+00,0.562500
3580,0.403484,0.360084,0.009420,0.033980,1.000000e+00,0.949219
3600,0.853902,0.483561,0.003191,0.367149,1.000000e+00,0.628906
3620,0.324112,0.315041,0.004720,0.004351,1.000000e+00,0.898438
3640,0.382736,0.370390,0.009233,0.003112,1.000000e+00,0.816406
3660,0.228806,0.199206,0.005784,0.023816,1.000000e+00,0.953125
3680,0.822939,0.686604,0.006261,0.130074,1.000000e+00,0.585938
3700,0.631129,0.342572,0.010508,0.278048,1.000000e+00,0.890625
3720,0.736604,0.364098,0.007682,0.364824,1.000000e+00,0.847656
3740,0.265968,0.255246,0.005853,0.004870,1.000000e+00,0.898438
3760,0.729637,0.701986,0.004642,0.023009,1.000000e+00,0.345703
3780,1.188428,1.168395,0.004271,0.015762,1.000000e+00,0.416016
3800,0.834833,0.570683,0.006698,0.257451,1.000000e+00,0.675781
3820,0.959876,0.653073,0.003238,0.303565,1.000000e+00,0.416016
3840,0.560032,0.513316,0.008833,0.037884,1.000000e+00,0.648438
3860,0.691972,0.437317,0.003302,0.251352,1.000000e+00,0.326172
3880,0.486686,0.383661,0.016494,0.086530,1.000000e+00,0.738281
3900,0.320623,0.229644,0.003194,0.087785,1.000000e+00,0.960938
3920,0.797534,0.767696,0.007943,0.021895,1.000000e+00,0.519531
3940,0.984500,0.772711,0.004990,0.206799,1.000000e+00,0.492188
3960,0.332459,0.328928,0.003493,0.000039,1.000000e+00,0.804688
3980,1.221367,1.064728,0.006208,0.150431,1.000000e+00,0.378906
4000,0.734428,0.619142,0.005684,0.109603,1.000000e+00,0.578125
4020,0.572869,0.491845,0.003379,0.077645,1.000000e+00,0.730469
4040,1.243236,1.172899,0.007751,0.062586,1.000000e+00,0.519531
4060,0.944948,0.912858,0.006049,0.026040,1.000000e+00,0.437500
4080,0.527471,0.316479,0.003800,0.207192,1.000000e+00,0.625000
4100,0.297638,0.258647,0.005232,0.033758,1.000000e+00,0.824219
4120,0.328894,0.314354,0.006360,0.008180,1.000000e+00,0.871094
4140,0.513712,0.303112,0.005817,0.204783,1.000000e+00,0.660156
4160,0.416361,0.354698,0.013311,0.048351,1.000000e+00,0.914062
4180,0.801420,0.538483,0.008204,0.254733,1.000000e+00,0.601562
4200,0.622890,0.604924,0.004252,0.013714,1.000000e+00,0.214844
4220,0.742201,0.341644,0.007276,0.393281,1.000000e+00,0.953125
4240,0.683610,0.648706,0.008196,0.026708,1.000000e+00,0.648438
4260,0.436577,0.404443,0.007088,0.025045,1.000000e+00,0.746094
4280,0.415599,0.403210,0.004193,0.008196,1.000000e+00,0.726562
4300,0.456477,0.161620,0.003390,0.291467,1.000000e+00,0.843750
4320,0.796288,0.571749,0.004822,0.219717,1.000000e+00,0.621094
4340,0.588812,0.310267,0.006142,0.272403,1.000000e+00,0.648438
4360,0.384861,0.356531,0.003128,0.025203,1.000000e+00,0.902344
4380,0.369892,0.173452,0.002253,0.194186,1.000000e+00,0.906250
4400,0.579817,0.272795,0.003777,0.303245,1.000000e+00,0.574219
4420,0.697274,0.579499,0.001877,0.115899,1.000000e+00,0.722656
4440,0.337558,0.291876,0.010909,0.034773,1.000000e+00,0.855469
4460,0.939148,0.925371,0.003380,0.010397,1.000000e+00,0.613281
4480,0.684360,0.674325,0.002805,0.007230,1.000000e+00,0.660156
4500,0.502574,0.476966,0.004106,0.021502,1.000000e+00,0.863281
4520,0.423180,0.392973,0.009807,0.020399,1.000000e+00,0.703125
4540,0.657301,0.391870,0.009094,0.256337,1.000000e+00,0.863281
4560,1.082366,0.810674,0.003905,0.267788,1.000000e+00,0.339844
4580,0.654038,0.288851,0.006465,0.358722,1.000000e+00,0.984375
4600,1.189425,1.056400,0.004351,0.128674,1.000000e+00,0.408203
4620,0.527932,0.500305,0.004635,0.022992,1.000000e+00,0.867188
4640,0.827468,0.784753,0.023649,0.019067,1.000000e+00,0.773438
4660,0.548756,0.434901,0.007431,0.106424,1.000000e+00,0.691406
4680,0.752433,0.298134,0.008677,0.445622,1.000000e+00,0.769531
4700,0.752674,0.736635,0.003702,0.012337,1.000000e+00,0.515625
4720,0.447608,0.198274,0.007571,0.241764,1.000000e+00,0.804688
4740,0.460677,0.411961,0.007306,0.041410,1.000000e+00,0.734375
4760,0.491430,0.226030,0.009092,0.256308,1.000000e+00,0.816406
4780,0.322237,0.164920,0.004674,0.152643,1.000000e+00,0.937500
4800,0.901400,0.847372,0.003837,0.050191,1.000000e+00,0.542969
4820,0.489070,0.448296,0.009523,0.031251,1.000000e+00,0.703125
4840,0.720399,0.713392,0.002084,0.004923,1.000000e+00,0.644531
4860,0.327568,0.308008,0.006236,0.013325,1.000000e+00,0.808594
4880,0.549659,0.522665,0.004819,0.022176,1.000000e+00,0.882812
4900,0.682266,0.538278,0.003850,0.140138,1.000000e+00,0.566406
4920,0.474699,0.185294,0.006024,0.283382,1.000000e+00,0.730469
4940,0.881645,0.734132,0.008224,0.139289,1.000000e+00,0.675781
4960,0.928854,0.745698,0.002854,0.180302,1.000000e+00,0.519531
4980,0.388557,0.365883,0.009365,0.013308,1.000000e+00,0.800781
5000,0.809605,0.385102,0.011349,0.413154,1.000000e+00,0.554688
5020,0.859197,0.608976,0.007028,0.243193,1.000000e+00,0.531250
5040,0.699264,0.527601,0.007918,0.163746,1.000000e+00,0.750000
5060,0.766132,0.608133,0.003499,0.154500,1.000000e+00,0.402344
5080,0.973971,0.952462,0.004736,0.016773,1.000000e+00,0.613281
5100,0.773884,0.756641,0.008483,0.008761,1.000000e+00,0.457031
5120,0.504059,0.487092,0.003168,0.013799,1.000000e+00,0.632812
5140,0.543348,0.535471,0.003044,0.004832,1.000000e+00,0.644531
5160,0.464722,0.266712,0.004405,0.193604,1.000000e+00,0.804688
5180,0.462972,0.433150,0.004704,0.025118,1.000000e+00,0.929688
5200,0.847554,0.805915,0.007499,0.034141,1.000000e+00,0.570312
5220,0.872355,0.818902,0.002009,0.051444,1.000000e+00,0.339844
5240,0.640830,0.240027,0.005651,0.395152,1.000000e+00,0.726562
5260,0.732025,0.417769,0.003295,0.310961,1.000000e+00,0.398438
5280,0.770063,0.617996,0.005947,0.146120,1.000000e+00,0.660156
5300,0.415615,0.335808,0.005351,0.074455,1.000000e+00,0.835938
5320,0.630729,0.336624,0.007280,0.286825,1.000000e+00,0.804688
5340,0.327078,0.292568,0.003734,0.030776,1.000000e+00,0.750000
5360,0.580265,0.303425,0.004597,0.272242,1.000000e+00,0.800781
5380,0.691007,0.527130,0.005628,0.158250,1.000000e+00,0.527344
5400,1.021038,0.720155,0.005758,0.295125,1.000000e+00,0.443359
5420,0.813848,0.777366,0.013689,0.022793,1.000000e+00,0.527344
5440,0.812083,0.770299,0.008119,0.033666,1.000000e+00,0.667969
5460,0.522924,0.384852,0.002321,0.135752,1.000000e+00,0.738281
5480,0.259913,0.249720,0.001708,0.008485,1.000000e+00,0.863281
5500,0.664099,0.456311,0.004566,0.203221,1.000000e+00,0.785156
5520,1.013439,0.915716,0.010313,0.087410,1.000000e+00,0.562500
5540,0.731124,0.634480,0.009887,0.086758,1.000000e+00,0.601562
5560,0.333843,0.289505,0.005734,0.038604,1.000000e+00,0.730469
5580,0.442973,0.411008,0.003231,0.028734,1.000000e+00,0.695312
5600,0.870667,0.843240,0.005685,0.021742,1.000000e+00,0.582031
5620,0.392098,0.371601,0.017334,0.003163,1.000000e+00,0.949219
5640,0.289559,0.217457,0.005379,0.066723,1.000000e+00,0.765625
5660,0.410507,0.179707,0.003260,0.227541,1.000000e+00,0.765625
5680,1.047482,1.014675,0.008688,0.024119,1.000000e+00,0.255859
5700,0.588114,0.565196,0.006874,0.016044,1.000000e+00,0.636719
5720,0.318406,0.290503,0.003204,0.024699,1.000000e+00,0.863281
5740,0.602360,0.577234,0.003373,0.021753,1.000000e+00,0.519531
5760,0.644649,0.625255,0.006453,0.012941,1.000000e+00,0.574219
5780,0.683707,0.361069,0.006996,0.315642,1.000000e+00,0.761719
5800,0.348273,0.336349,0.009027,0.002897,1.000000e+00,0.769531
5820,0.539791,0.318901,0.008464,0.212426,1.000000e+00,0.867188
5840,0.344458,0.323075,0.004078,0.017306,1.000000e+00,0.859375
5860,0.621321,0.557736,0.014114,0.049471,1.000000e+00,0.976562
5880,0.605649,0.587168,0.003462,0.015018,1.000000e+00,0.648438
5900,0.379578,0.311219,0.008680,0.059680,1.000000e+00,0.875000
5920,0.807486,0.428259,0.043340,0.335887,1.000000e+00,0.855469
5940,0.784050,0.540099,0.005729,0.238221,1.000000e+00,0.363281
5960,0.459924,0.314214,0.003943,0.141767,1.000000e+00,0.914062
5980,0.899872,0.359544,0.006186,0.534142,1.000000e+00,0.570312
6000,0.338422,0.329902,0.005105,0.003414,1.000000e+00,0.917969
6020,0.629274,0.364307,0.006174,0.258792,1.000000e+00,0.839844
6040,0.280734,0.225462,0.003155,0.052117,1.000000e+00,0.839844
6060,0.675722,0.273354,0.002463,0.399905,1.000000e+00,0.482422
6080,0.837859,0.377272,0.006804,0.453783,1.000000e+00,0.761719
6100,0.288245,0.261800,0.010614,0.015830,1.000000e+00,0.835938
6120,0.464064,0.446861,0.008378,0.008824,1.000000e+00,0.804688
6140,0.658490,0.571382,0.004890,0.082218,1.000000e+00,0.671875
6160,0.785600,0.583982,0.005444,0.196174,1.000000e+00,0.605469
6180,0.534338,0.318943,0.005541,0.209854,1.000000e+00,0.621094
6200,0.968816,0.685746,0.002032,0.281038,1.000000e+00,0.515625
6220,0.485641,0.436761,0.005446,0.043434,1.000000e+00,0.863281
6240,0.556519,0.381800,0.010554,0.164165,1.000000e+00,0.953125
6260,0.647437,0.226314,0.003763,0.417361,1.000000e+00,0.902344
6280,0.841848,0.686113,0.005951,0.149784,1.000000e+00,0.423828
6300,0.823980,0.378675,0.006840,0.438464,1.000000e+00,0.488281
6320,1.022663,1.007246,0.005110,0.010307,1.000000e+00,0.341797
6340,0.225129,0.122528,0.006314,0.096288,1.000000e+00,0.937500
6360,0.395893,0.357821,0.007306,0.030766,1.000000e+00,0.808594
6380,0.800073,0.555858,0.003508,0.240708,1.000000e+00,0.363281
6400,0.889991,0.428182,0.006557,0.455253,1.000000e+00,0.589844
6420,0.388830,0.353147,0.008273,0.027410,1.000000e+00,0.785156
6440,0.355745,0.317985,0.003626,0.034134,1.000000e+00,0.828125
6460,0.835202,0.819777,0.003905,0.011521,1.000000e+00,0.458984
6480,0.394465,0.383284,0.005278,0.005903,1.000000e+00,0.796875
6500,0.710267,0.378712,0.011962,0.319593,1.000000e+00,0.855469
6520,0.945129,0.918487,0.007290,0.019351,1.000000e+00,0.431641
6540,0.360257,0.350892,0.002835,0.006529,1.000000e+00,0.695312
6560,0.436853,0.395361,0.014402,0.027090,1.000000e+00,0.804688
6580,0.706653,0.584588,0.003278,0.118788,1.000000e+00,0.675781
6600,0.459726,0.445184,0.006089,0.008454,1.000000e+00,0.730469
6620,0.834720,0.438130,0.003027,0.393562,1.000000e+00,0.175781
6640,1.066653,0.884620,0.003834,0.178199,1.000000e+00,0.248047
6660,0.486699,0.470876,0.003979,0.011844,1.000000e+00,0.914062
6680,0.607984,0.457156,0.009021,0.141807,1.000000e+00,0.808594
6700,0.471733,0.197311,0.005547,0.268875,1.000000e+00,0.863281
6720,0.389732,0.371845,0.003665,0.014222,1.000000e+00,0.781250
6740,0.916201,0.477169,0.006589,0.432443,1.000000e+00,0.435547
6760,0.531103,0.467879,0.020833,0.042391,1.000000e+00,0.832031
6780,0.539473,0.521786,0.009919,0.007768,1.000000e+00,0.816406
6800,0.704998,0.623469,0.003792,0.077736,1.000000e+00,0.597656
6820,0.463490,0.209903,0.005097,0.248490,1.000000e+00,0.824219
6840,0.772042,0.485817,0.005355,0.280870,1.000000e+00,0.255859
6860,1.161644,1.106473,0.012612,0.042559,1.000000e+00,0.443359
6880,0.316692,0.290811,0.004852,0.021028,1.000000e+00,0.527344
6900,0.468368,0.190174,0.020994,0.257199,1.000000e+00,0.804688
6920,0.961396,0.933080,0.014575,0.013741,1.000000e+00,0.867188
6940,0.700661,0.272378,0.007502,0.420782,1.000000e+00,0.894531
6960,0.501669,0.420499,0.004421,0.076750,1.000000e+00,0.980469
6980,0.863461,0.536278,0.007269,0.319914,1.000000e+00,0.578125
7000,0.282895,0.278857,0.003596,0.000443,1.000000e+00,0.875000
7020,0.319245,0.295946,0.006208,0.017092,1.000000e+00,0.941406
7040,0.535319,0.492245,0.005460,0.037613,1.000000e+00,0.894531
7060,0.372137,0.335523,0.005932,0.030682,1.000000e+00,0.796875
7080,0.555659,0.310721,0.014675,0.230263,1.000000e+00,0.597656
7100,0.509300,0.476895,0.003835,0.028571,1.000000e+00,0.820312
7120,0.621286,0.268841,0.002209,0.350236,1.000000e+00,0.910156
7140,0.857623,0.546902,0.011927,0.298794,1.000000e+00,0.660156
7160,0.642558,0.351116,0.002915,0.288527,1.000000e+00,0.824219
7180,0.815900,0.781814,0.010789,0.023297,1.000000e+00,0.371094
7200,0.485028,0.267217,0.003737,0.214074,1.000000e+00,0.722656
7220,0.480539,0.349774,0.004318,0.126446,1.000000e+00,0.859375
7240,0.391884,0.361717,0.016375,0.013792,1.000000e+00,0.902344
7260,0.256284,0.242672,0.007661,0.005952,1.000000e+00,0.976562
7280,0.383020,0.378458,0.002543,0.002018,1.000000e+00,0.773438
7300,0.346744,0.167146,0.013041,0.166557,1.000000e+00,0.695312
7320,1.087274,1.016262,0.019634,0.051377,1.000000e+00,0.429688
7340,0.367624,0.345570,0.005710,0.016344,1.000000e+00,0.875000
7360,0.483470,0.432688,0.023856,0.026926,1.000000e+00,0.890625
7380,0.316895,0.245196,0.004833,0.066867,1.000000e+00,0.898438
7400,0.954633,0.935187,0.002675,0.016771,1.000000e+00,0.437500
7420,0.386199,0.372966,0.004890,0.008344,1.000000e+00,0.632812
7440,0.633601,0.466306,0.008097,0.159199,1.000000e+00,0.644531
7460,0.390936,0.354839,0.004839,0.031258,1.000000e+00,0.800781
7480,0.396592,0.267726,0.003793,0.125072,1.000000e+00,0.617188
7500,0.538325,0.191803,0.007793,0.338729,1.000000e+00,0.828125
7520,0.435406,0.410613,0.007738,0.017055,1.000000e+00,0.742188
7540,0.539654,0.503218,0.005297,0.031139,1.000000e+00,0.687500
7560,0.869709,0.770640,0.077594,0.021476,1.000000e+00,0.945312
7580,0.820043,0.626096,0.003108,0.190838,1.000000e+00,0.535156
7600,0.343291,0.303888,0.003002,0.036402,1.000000e+00,0.851562
7620,1.149312,1.123498,0.003099,0.022715,1.000000e+00,0.140625
7640,0.570038,0.563166,0.004055,0.002816,1.000000e+00,0.433594
7660,0.749443,0.728098,0.009566,0.011780,1.000000e+00,0.447266
7680,0.753475,0.490749,0.004966,0.257760,1.000000e+00,0.644531
7700,1.093847,1.065943,0.007399,0.020505,1.000000e+00,0.152344
7720,1.136721,0.894550,0.004892,0.237279,1.000000e+00,0.462891
7740,0.264721,0.211934,0.003230,0.049557,1.000000e+00,0.914062
7760,0.531495,0.400353,0.004969,0.126172,1.000000e+00,0.773438
7780,0.571058,0.528429,0.006869,0.035760,1.000000e+00,0.683594
7800,1.077155,0.996919,0.007319,0.072916,1.000000e+00,0.347656
7820,0.534832,0.490017,0.006563,0.038253,1.000000e+00,0.660156
7840,0.317381,0.301650,0.007563,0.008167,1.000000e+00,0.890625
7860,0.736286,0.709470,0.004840,0.021976,1.000000e+00,0.671875
7880,0.730654,0.327734,0.010794,0.392125,1.000000e+00,0.867188
7900,0.618158,0.382980,0.005151,0.230028,1.000000e+00,0.820312
7920,0.702386,0.431694,0.002348,0.268344,1.000000e+00,0.875000
7940,0.535595,0.409863,0.006295,0.119437,1.000000e+00,0.886719
7960,0.693340,0.649308,0.021554,0.022478,1.000000e+00,0.855469
7980,0.937336,0.754296,0.003795,0.179245,1.000000e+00,0.453125
8000,0.504920,0.239661,0.005822,0.259436,1.000000e+00,0.753906
8020,0.561840,0.244262,0.006321,0.311257,1.000000e+00,0.863281
8040,0.250286,0.243447,0.002475,0.004363,1.000000e+00,0.875000
8060,0.406434,0.356725,0.011210,0.038499,1.000000e+00,0.906250
8080,0.847638,0.523624,0.005546,0.318468,1.000000e+00,0.628906
8100,0.519120,0.500861,0.007145,0.011114,1.000000e+00,0.835938
8120,0.430442,0.398504,0.008141,0.023797,1.000000e+00,0.859375
8140,0.598781,0.481328,0.006750,0.110704,1.000000e+00,0.664062
8160,0.962751,0.920004,0.009408,0.033339,1.000000e+00,0.441406
8180,0.417479,0.175096,0.004698,0.237685,1.000000e+00,0.859375
8200,0.816737,0.784985,0.005262,0.026490,1.000000e+00,0.453125
8220,0.312630,0.296807,0.006927,0.008896,1.000000e+00,0.792969
8240,0.739379,0.519593,0.004772,0.215014,1.000000e+00,0.558594
8260,0.382734,0.202962,0.004507,0.175265,1.000000e+00,0.808594
8280,0.569910,0.530529,0.006166,0.033215,1.000000e+00,0.714844
8300,0.651782,0.627160,0.003084,0.021538,1.000000e+00,0.636719
8320,0.655711,0.440024,0.006094,0.209593,1.000000e+00,0.777344
8340,0.367012,0.331191,0.006126,0.029695,1.000000e+00,0.941406
8360,0.260467,0.250911,0.002489,0.007066,1.000000e+00,0.632812
8380,0.480412,0.416070,0.002072,0.062270,1.000000e+00,0.871094
8400,0.715970,0.412818,0.001935,0.301217,1.000000e+00,0.644531
8420,0.740158,0.571925,0.002085,0.166148,1.000000e+00,0.609375
8440,0.462208,0.184977,0.020260,0.256971,1.000000e+00,0.882812
8460,0.667660,0.636096,0.005873,0.025692,1.000000e+00,0.683594
8480,0.941259,0.821274,0.004547,0.115437,1.000000e+00,0.431641
8500,0.649551,0.359382,0.007196,0.282973,1.000000e+00,0.832031
8520,0.451717,0.444552,0.003436,0.003729,1.000000e+00,0.726562
8540,0.970825,0.932312,0.007029,0.031484,1.000000e+00,0.443359
8560,0.677768,0.343398,0.005668,0.328702,1.000000e+00,0.898438
8580,0.630494,0.426297,0.005686,0.198511,1.000000e+00,0.494141
8600,0.736017,0.326768,0.005304,0.403945,1.000000e+00,0.777344
8620,0.841219,0.503372,0.007389,0.330458,1.000000e+00,0.691406
8640,0.807373,0.787221,0.008215,0.011936,1.000000e+00,0.511719
8660,0.846847,0.552737,0.004082,0.290028,1.000000e+00,0.535156
8680,0.965184,0.730303,0.006460,0.228422,1.000000e+00,0.228516
8700,0.365186,0.310811,0.005932,0.048443,1.000000e+00,0.734375
8720,0.596111,0.269175,0.004473,0.322462,1.000000e+00,0.949219
8740,0.290882,0.274344,0.005970,0.010568,1.000000e+00,0.890625
8760,0.627615,0.299663,0.022861,0.305091,1.000000e+00,0.878906
8780,1.080030,0.970986,0.006034,0.103010,1.000000e+00,0.378906
8800,0.724237,0.592618,0.011036,0.120583,1.000000e+00,0.578125
8820,0.576332,0.360325,0.003845,0.212162,1.000000e+00,0.406250
8840,0.863494,0.388232,0.003904,0.471358,1.000000e+00,0.613281
8860,1.206037,1.173878,0.010568,0.021591,1.000000e+00,0.699219
8880,0.469856,0.176667,0.006460,0.286730,1.000000e+00,0.773438
8900,0.490105,0.343344,0.009362,0.137399,1.000000e+00,0.906250
8920,0.535084,0.519726,0.008618,0.006740,1.000000e+00,0.648438
8940,0.402623,0.307549,0.002947,0.092126,1.000000e+00,0.777344
8960,0.622552,0.527835,0.004940,0.089777,1.000000e+00,0.746094
8980,0.640215,0.347096,0.004442,0.288676,1.000000e+00,0.953125
9000,0.628367,0.526561,0.004048,0.097758,1.000000e+00,0.636719
9020,0.460157,0.405209,0.002110,0.052838,1.000000e+00,0.687500
9040,0.310891,0.238050,0.003248,0.069593,1.000000e+00,0.867188
9060,0.565832,0.322399,0.004207,0.239226,1.000000e+00,0.816406
9080,0.578922,0.566736,0.003411,0.008775,1.000000e+00,0.671875
9100,0.659857,0.356148,0.004718,0.298991,1.000000e+00,0.906250
9120,0.430640,0.413832,0.006961,0.009847,1.000000e+00,0.765625
9140,0.488881,0.477361,0.005101,0.006419,1.000000e+00,0.437500
9160,0.641001,0.233434,0.007861,0.399707,1.000000e+00,0.757812
9180,0.782992,0.567003,0.008216,0.207773,1.000000e+00,0.248047
9200,0.627292,0.580516,0.016969,0.029807,1.000000e+00,0.570312
9220,0.530865,0.504787,0.007741,0.018337,1.000000e+00,0.359375
9240,0.350328,0.173499,0.016312,0.160516,1.000000e+00,0.937500
9260,0.462387,0.414674,0.009067,0.038645,1.000000e+00,0.738281
9280,0.528276,0.217007,0.003654,0.307614,1.000000e+00,0.667969
9300,0.780711,0.383733,0.003472,0.393506,1.000000e+00,0.531250
9320,0.626005,0.294271,0.002507,0.329226,1.000000e+00,0.609375
9340,0.787971,0.259560,0.006462,0.521949,1.000000e+00,0.824219
9360,1.125059,1.097802,0.006843,0.020414,1.000000e+00,0.312500
9380,0.698501,0.656594,0.008537,0.033371,1.000000e+00,0.660156
9400,0.957820,0.691550,0.003426,0.262844,1.000000e+00,0.539062
9420,0.959303,0.480500,0.004744,0.474059,1.000000e+00,0.554688
9440,0.682361,0.669381,0.005780,0.007200,1.000000e+00,0.423828
9460,0.852794,0.791533,0.040936,0.020324,1.000000e+00,0.605469
9480,0.361255,0.157900,0.005551,0.197804,1.000000e+00,0.933594
9500,0.656679,0.608999,0.003854,0.043826,1.000000e+00,0.675781
9520,0.433238,0.349464,0.035348,0.048426,1.000000e+00,0.925781
9540,0.774027,0.397785,0.008385,0.367857,1.000000e+00,0.828125
9560,0.472766,0.442543,0.007100,0.023123,1.000000e+00,0.773438
9580,1.011038,0.624891,0.006165,0.379981,1.000000e+00,0.496094
9600,0.660895,0.419459,0.007412,0.234024,1.000000e+00,0.679688
9620,0.445580,0.430283,0.004419,0.010878,1.000000e+00,0.691406
9640,0.393507,0.345414,0.007729,0.040364,1.000000e+00,0.796875
9660,0.892929,0.880041,0.006418,0.006470,1.000000e+00,0.318359
9680,0.441720,0.373052,0.008981,0.059688,1.000000e+00,0.707031
9700,0.332939,0.267348,0.004558,0.061033,1.000000e+00,0.953125
9720,0.455024,0.419191,0.008493,0.027339,1.000000e+00,0.921875
9740,0.744263,0.484967,0.005189,0.254106,1.000000e+00,0.988281
9760,1.047478,1.044193,0.003160,0.000124,1.000000e+00,0.330078
9780,0.383946,0.354309,0.004470,0.025168,1.000000e+00,0.851562
9800,0.543408,0.507077,0.028363,0.007967,1.000000e+00,0.890625
9820,0.305786,0.280443,0.015484,0.009859,1.000000e+00,0.937500
9840,0.524181,0.512327,0.005819,0.006035,1.000000e+00,0.761719
9860,0.456000,0.271572,0.002442,0.181986,1.000000e+00,0.691406
9880,0.705512,0.317483,0.007426,0.380603,1.000000e+00,0.605469
9900,0.475445,0.453339,0.010903,0.011203,1.000000e+00,0.710938
9920,0.292948,0.230220,0.004677,0.058051,1.000000e+00,0.777344
9940,0.411093,0.375049,0.006732,0.029311,1.000000e+00,0.703125
9960,0.780482,0.749712,0.006213,0.024557,1.000000e+00,0.832031
9980,0.509228,0.341202,0.007052,0.160974,1.000000e+00,0.757812
10000,0.324508,0.294797,0.005447,0.024264,1.000000e+00,0.957031
10020,0.899126,0.868106,0.007170,0.023850,1.000000e+00,0.667969
10040,0.607129,0.536716,0.006161,0.064252,1.000000e+00,0.781250
10060,0.425276,0.178703,0.003323,0.243250,1.000000e+00,0.855469
10080,0.368774,0.355556,0.004215,0.009003,1.000000e+00,0.699219
10100,1.185043,1.081078,0.006546,0.097419,1.000000e+00,0.367188
10120,0.300448,0.264448,0.003285,0.032715,1.000000e+00,0.949219
10140,0.713841,0.703435,0.006860,0.003545,1.000000e+00,0.427734
10160,0.700659,0.546890,0.004377,0.149391,1.000000e+00,0.628906
10180,0.721911,0.564857,0.010441,0.146613,1.000000e+00,0.628906
10200,0.603011,0.407391,0.013025,0.182595,1.000000e+00,0.828125
10220,0.612745,0.238106,0.005318,0.369321,1.000000e+00,0.914062
10240,0.576549,0.209078,0.005217,0.362254,1.000000e+00,0.917969
10260,0.594788,0.427249,0.004216,0.163323,1.000000e+00,0.660156
10280,0.300241,0.261661,0.002064,0.036516,1.000000e+00,0.894531
10300,0.671340,0.643667,0.008723,0.018950,1.000000e+00,0.589844
10320,0.367055,0.338576,0.006886,0.021593,1.000000e+00,0.945312
10340,0.627783,0.353196,0.002602,0.271984,1.000000e+00,0.785156
10360,1.096397,1.068524,0.003978,0.023895,1.000000e+00,0.306641
10380,0.438496,0.421565,0.005716,0.011215,1.000000e+00,0.839844
10400,0.803867,0.797915,0.003240,0.002712,1.000000e+00,0.435547
10420,0.662927,0.257523,0.004661,0.400742,1.000000e+00,0.597656
10440,0.692551,0.660216,0.003682,0.028653,1.000000e+00,0.558594
10460,0.663449,0.232279,0.008581,0.422588,1.000000e+00,0.753906
10480,0.641616,0.615512,0.013532,0.012572,1.000000e+00,0.886719
10500,0.439347,0.380210,0.007656,0.051481,1.000000e+00,0.820312
10520,0.434904,0.377628,0.004255,0.053022,1.000000e+00,0.816406
10540,0.463258,0.432841,0.015084,0.015332,1.000000e+00,0.914062
10560,0.318239,0.279215,0.003122,0.035902,1.000000e+00,0.839844
10580,0.776472,0.450716,0.002660,0.323096,1.000000e+00,0.558594
10600,0.767579,0.691110,0.003790,0.072679,1.000000e+00,0.507812
10620,0.554436,0.521363,0.010602,0.022472,1.000000e+00,0.738281
10640,1.230753,1.004244,0.163503,0.063006,1.000000e+00,0.976562
10660,0.520903,0.300910,0.006130,0.213862,1.000000e+00,0.847656
10680,0.721636,0.194616,0.002603,0.524417,1.000000e+00,0.785156
10700,0.383050,0.358917,0.005417,0.018716,1.000000e+00,0.773438
10720,0.588796,0.544010,0.013262,0.031524,1.000000e+00,0.714844
10740,1.030446,0.899245,0.003251,0.127949,1.000000e+00,0.453125
10760,0.632446,0.614285,0.004320,0.013841,1.000000e+00,0.597656
10780,0.337974,0.308302,0.007791,0.021881,1.000000e+00,0.683594
10800,0.454894,0.433113,0.003094,0.018687,1.000000e+00,0.800781
10820,1.044306,1.009146,0.005921,0.029239,1.000000e+00,0.347656
10840,0.883749,0.847609,0.007939,0.028201,1.000000e+00,0.353516
10860,0.664012,0.435231,0.001797,0.226985,1.000000e+00,0.710938
10880,0.798371,0.268449,0.004570,0.525352,1.000000e+00,0.757812
10900,0.574178,0.561844,0.003130,0.009203,1.000000e+00,0.527344
10920,0.552756,0.350694,0.010750,0.191312,1.000000e+00,0.781250
10940,1.032786,1.014126,0.003565,0.015095,1.000000e+00,0.447266
10960,0.935198,0.596885,0.010861,0.327453,1.000000e+00,0.515625
10980,0.578172,0.476382,0.004661,0.097129,1.000000e+00,0.470703
11000,0.832282,0.412903,0.008042,0.411337,1.000000e+00,0.617188
11020,0.340882,0.260138,0.004478,0.076266,1.000000e+00,0.820312
11040,0.617249,0.601597,0.004870,0.010782,1.000000e+00,0.269531
11060,0.489911,0.183429,0.003794,0.302688,1.000000e+00,0.722656
11080,0.866281,0.830470,0.002135,0.033676,1.000000e+00,0.300781
11100,0.638715,0.473930,0.006491,0.158294,1.000000e+00,0.707031
11120,0.717807,0.680257,0.007447,0.030104,1.000000e+00,0.828125
11140,0.579952,0.325472,0.008778,0.245701,1.000000e+00,0.820312
11160,0.569673,0.557500,0.004393,0.007780,1.000000e+00,0.582031
11180,0.783893,0.345625,0.008693,0.429575,1.000000e+00,0.726562
11200,0.489004,0.483187,0.002072,0.003744,1.000000e+00,0.597656
11220,0.511164,0.251388,0.002424,0.257352,1.000000e+00,0.667969
11240,0.709210,0.689964,0.003575,0.015672,1.000000e+00,0.644531
11260,0.553128,0.539947,0.002814,0.010366,1.000000e+00,0.578125
11280,0.653810,0.592757,0.008834,0.052219,1.000000e+00,0.279297
11300,0.491052,0.339223,0.008158,0.143671,1.000000e+00,0.929688
11320,0.464163,0.414900,0.004368,0.044895,1.000000e+00,0.703125
11340,0.380779,0.142043,0.005029,0.233707,1.000000e+00,0.906250
11360,0.628217,0.606787,0.004420,0.017010,1.000000e+00,0.691406
11380,0.661587,0.597828,0.012095,0.051664,1.000000e+00,0.707031
11400,1.062439,0.840553,0.006136,0.215750,1.000000e+00,0.417969
11420,0.819831,0.483347,0.041697,0.294787,1.000000e+00,0.964844
11440,0.810944,0.770343,0.025784,0.014818,1.000000e+00,0.925781
11460,0.978237,0.769074,0.006915,0.202247,1.000000e+00,0.275391
11480,0.395949,0.364090,0.019914,0.011945,1.000000e+00,0.929688
11500,0.686346,0.650391,0.003944,0.032010,1.000000e+00,0.683594
11520,0.426164,0.399398,0.008581,0.018185,1.000000e+00,0.871094
11540,0.435924,0.422079,0.003383,0.010462,1.000000e+00,0.824219
11560,0.565284,0.540476,0.002619,0.022189,1.000000e+00,0.562500
11580,0.449722,0.216371,0.012456,0.220894,1.000000e+00,0.734375
11600,0.719205,0.531390,0.002848,0.184967,1.000000e+00,0.722656
11620,1.062198,0.768484,0.011122,0.282592,1.000000e+00,0.507812
11640,0.620705,0.402922,0.007359,0.210425,1.000000e+00,0.820312
11660,0.502762,0.487957,0.003298,0.011507,1.000000e+00,0.746094
11680,0.595611,0.327004,0.006728,0.261880,1.000000e+00,0.640625
11700,0.274916,0.255692,0.006107,0.013116,1.000000e+00,0.878906
11720,0.517560,0.489366,0.004305,0.023890,1.000000e+00,0.816406
11740,0.833806,0.783693,0.024319,0.025793,1.000000e+00,0.886719
11760,0.528272,0.210718,0.005789,0.311766,1.000000e+00,0.917969
11780,0.753827,0.554188,0.005650,0.193989,1.000000e+00,0.429688
11800,0.606279,0.281953,0.008416,0.315910,1.000000e+00,0.925781
11820,1.168025,1.146904,0.005981,0.015141,1.000000e+00,0.398438
11840,0.770520,0.360703,0.005969,0.403848,1.000000e+00,0.777344
11860,0.662490,0.259309,0.005887,0.397294,1.000000e+00,0.761719
11880,0.791331,0.383452,0.005495,0.402384,1.000000e+00,0.699219
11900,0.985259,0.416409,0.004933,0.563916,1.000000e+00,0.613281
11920,0.716857,0.534134,0.005642,0.177081,1.000000e+00,0.679688
11940,0.608760,0.452786,0.028209,0.127765,1.000000e+00,0.789062
11960,0.612322,0.579979,0.006753,0.025590,1.000000e+00,0.718750
11980,0.727364,0.402014,0.024678,0.300672,1.000000e+00,0.761719
12000,0.460182,0.338992,0.002742,0.118447,1.000000e+00,0.867188
12020,0.793996,0.728492,0.008516,0.056988,1.000000e+00,0.494141
12040,0.480630,0.445617,0.005190,0.029822,1.000000e+00,0.664062
12060,0.451317,0.218514,0.005002,0.227800,1.000000e+00,0.820312
12080,0.545175,0.331888,0.002903,0.210384,1.000000e+00,0.820312
12100,0.991304,0.968251,0.005200,0.017854,1.000000e+00,0.515625
12120,0.707735,0.385703,0.002943,0.319089,1.000000e+00,0.359375
12140,1.137683,1.066617,0.007813,0.063253,1.000000e+00,0.375000
12160,1.299268,0.810407,0.008002,0.480860,1.000000e+00,0.337891
12180,0.570783,0.541636,0.006949,0.022198,1.000000e+00,0.785156
12200,0.540714,0.203405,0.006883,0.330426,1.000000e+00,0.843750
12220,0.442827,0.436284,0.002129,0.004414,1.000000e+00,0.683594
12240,0.635733,0.502455,0.003456,0.129821,1.000000e+00,0.124023
12260,0.655063,0.286479,0.002818,0.365766,1.000000e+00,0.917969
12280,0.585561,0.380810,0.004721,0.200030,1.000000e+00,0.820312
12300,0.615540,0.605469,0.008439,0.001631,1.000000e+00,0.851562
12320,0.267148,0.230101,0.008318,0.028728,1.000000e+00,0.902344
12340,0.408883,0.397213,0.003204,0.008466,1.000000e+00,0.667969
12360,0.437706,0.399094,0.002476,0.036135,1.000000e+00,0.804688
12380,0.391216,0.352646,0.004270,0.034300,1.000000e+00,0.878906
12400,0.808862,0.714914,0.005652,0.088296,1.000000e+00,0.441406
12420,0.385004,0.373425,0.003641,0.007938,1.000000e+00,0.707031
12440,0.587600,0.561002,0.007967,0.018631,1.000000e+00,0.773438
12460,0.421972,0.298430,0.001969,0.121573,1.000000e+00,0.781250
12480,0.460741,0.416412,0.005002,0.039327,1.000000e+00,0.789062
12500,0.773292,0.755016,0.002842,0.015433,1.000000e+00,0.621094
12520,0.498858,0.444994,0.012327,0.041537,1.000000e+00,0.812500
12540,0.445576,0.418458,0.002387,0.024730,1.000000e+00,0.734375
12560,0.743593,0.687756,0.007357,0.048479,1.000000e+00,0.535156
12580,0.303567,0.273148,0.002564,0.027856,1.000000e+00,0.890625
12600,0.352251,0.341283,0.001965,0.009003,1.000000e+00,0.824219
12620,0.547897,0.501962,0.007399,0.038536,1.000000e+00,0.714844
12640,0.584200,0.566588,0.003431,0.014180,1.000000e+00,0.570312
12660,0.813283,0.762069,0.005600,0.045614,1.000000e+00,0.464844
12680,0.457445,0.410656,0.012067,0.034722,1.000000e+00,0.761719
12700,0.332741,0.309542,0.007107,0.016092,1.000000e+00,0.878906
12720,0.487342,0.273492,0.004875,0.208975,1.000000e+00,0.726562
12740,0.422200,0.244747,0.010413,0.167040,1.000000e+00,0.585938
12760,0.386466,0.366250,0.009438,0.010779,1.000000e+00,0.855469
12780,0.644700,0.437511,0.007366,0.199823,1.000000e+00,0.835938
12800,0.713885,0.635565,0.008314,0.070006,1.000000e+00,0.703125
12820,0.789763,0.756353,0.005589,0.027821,1.000000e+00,0.144531
12840,1.128898,1.103517,0.005999,0.019382,1.000000e+00,0.168945
12860,0.588940,0.565063,0.007100,0.016776,1.000000e+00,0.679688
12880,0.642019,0.457984,0.166692,0.017344,1.000000e+00,0.925781
12900,0.493168,0.379398,0.009066,0.104704,1.000000e+00,0.910156
12920,0.679657,0.653610,0.003651,0.022396,1.000000e+00,0.597656
12940,0.490239,0.429128,0.009714,0.051398,1.000000e+00,0.773438
12960,0.850628,0.440112,0.006375,0.404142,1.000000e+00,0.648438
12980,0.666229,0.281024,0.005010,0.380195,1.000000e+00,0.718750
13000,0.288069,0.276013,0.002970,0.009086,1.000000e+00,0.941406
13020,0.632716,0.399874,0.004859,0.227983,1.000000e+00,0.339844
13040,0.471464,0.436169,0.001615,0.033679,1.000000e+00,0.562500
13060,0.484128,0.296478,0.006318,0.181332,1.000000e+00,0.910156
13080,0.295047,0.292290,0.002213,0.000544,1.000000e+00,0.917969
13100,0.537051,0.496986,0.010396,0.029669,1.000000e+00,0.734375
13120,0.489988,0.478592,0.005244,0.006151,1.000000e+00,0.574219
13140,0.445620,0.399007,0.008665,0.037948,1.000000e+00,0.808594
13160,0.755166,0.625442,0.006417,0.123307,1.000000e+00,0.589844
13180,0.574710,0.506251,0.003802,0.064657,1.000000e+00,0.211914
13200,0.584820,0.545478,0.012118,0.027224,1.000000e+00,0.691406
13220,0.588339,0.556429,0.009063,0.022847,1.000000e+00,0.570312
13240,1.145317,1.115767,0.006750,0.022800,1.000000e+00,0.326172
13260,0.774545,0.260369,0.009545,0.504631,1.000000e+00,0.933594
13280,0.802563,0.763517,0.008011,0.031034,1.000000e+00,0.480469
13300,0.957802,0.940030,0.011703,0.006070,1.000000e+00,0.843750
13320,0.453290,0.173119,0.022180,0.257990,1.000000e+00,0.781250
13340,0.630613,0.355109,0.006228,0.269276,1.000000e+00,0.828125
13360,0.661469,0.570017,0.004502,0.086951,1.000000e+00,0.625000
13380,0.732450,0.567487,0.007350,0.157614,1.000000e+00,0.632812
13400,0.606572,0.597773,0.002025,0.006774,1.000000e+00,0.578125
13420,0.493359,0.371798,0.002974,0.118587,1.000000e+00,0.605469
13440,0.842529,0.549752,0.033249,0.259528,1.000000e+00,0.625000
13460,0.525503,0.135688,0.005364,0.384452,1.000000e+00,0.828125
13480,0.350549,0.329748,0.011295,0.009507,1.000000e+00,0.902344
13500,0.380282,0.238430,0.006256,0.135596,1.000000e+00,0.640625
13520,0.317863,0.290463,0.003333,0.024067,1.000000e+00,0.839844
13540,1.108222,1.082009,0.005682,0.020531,1.000000e+00,0.412109
13560,0.658331,0.623805,0.009532,0.024994,1.000000e+00,0.558594
13580,0.528743,0.421327,0.003311,0.104105,1.000000e+00,0.703125
13600,0.358558,0.331908,0.005553,0.021097,1.000000e+00,0.726562
13620,0.693800,0.412921,0.003446,0.277433,1.000000e+00,0.718750
13640,0.352757,0.314565,0.009182,0.029010,1.000000e+00,0.863281
13660,0.806634,0.330970,0.005098,0.470566,1.000000e+00,0.738281
13680,0.378609,0.329998,0.005125,0.043485,1.000000e+00,0.906250
13700,0.634249,0.381285,0.011518,0.241445,1.000000e+00,0.953125
13720,0.812765,0.752217,0.003661,0.056886,1.000000e+00,0.593750
13740,0.447408,0.386220,0.004447,0.056741,1.000000e+00,0.652344
13760,0.965458,0.663844,0.003650,0.297965,1.000000e+00,0.429688
13780,1.257799,1.096921,0.005127,0.155751,1.000000e+00,0.343750
13800,0.250775,0.228994,0.005950,0.015830,1.000000e+00,0.667969
13820,0.969089,0.934218,0.018327,0.016544,1.000000e+00,0.439453
13840,0.595552,0.316572,0.074362,0.204618,1.000000e+00,0.964844
13860,0.470565,0.412185,0.009003,0.049377,1.000000e+00,0.789062
13880,0.650090,0.624462,0.004724,0.020904,1.000000e+00,0.820312
13900,0.622599,0.600292,0.007771,0.014536,1.000000e+00,0.710938
13920,0.623990,0.365609,0.005651,0.252731,1.000000e+00,0.777344
13940,0.381742,0.355654,0.009393,0.016695,1.000000e+00,0.835938
13960,1.173230,1.153014,0.004256,0.015961,1.000000e+00,0.535156
13980,0.803382,0.493151,0.004621,0.305610,1.000000e+00,0.613281
14000,0.572733,0.259378,0.041746,0.271609,1.000000e+00,0.738281
14020,0.641829,0.431127,0.004135,0.206568,1.000000e+00,0.839844
14040,0.530043,0.519007,0.002611,0.008426,1.000000e+00,0.578125
14060,0.676846,0.647184,0.004761,0.024901,1.000000e+00,0.699219
14080,1.004547,0.866472,0.005765,0.132311,1.000000e+00,0.431641
14100,0.645185,0.350795,0.005706,0.288683,1.000000e+00,0.742188
14120,0.624335,0.314538,0.004606,0.305191,1.000000e+00,0.828125
14140,0.831944,0.744923,0.023765,0.063256,1.000000e+00,0.753906
14160,0.533720,0.342523,0.007447,0.183750,1.000000e+00,0.914062
14180,0.462608,0.446778,0.008142,0.007688,1.000000e+00,0.746094
14200,0.737602,0.709820,0.011988,0.015793,1.000000e+00,0.625000
14220,0.497045,0.286101,0.003870,0.207073,1.000000e+00,0.691406
14240,0.798129,0.776720,0.002537,0.018872,1.000000e+00,0.457031
14260,0.619274,0.255851,0.018938,0.344485,1.000000e+00,0.886719
14280,0.355881,0.348470,0.005524,0.001887,1.000000e+00,0.925781
14300,0.590785,0.560256,0.015909,0.014621,1.000000e+00,0.683594
14320,0.553081,0.352351,0.004440,0.196289,1.000000e+00,0.910156
14340,0.566461,0.539281,0.004760,0.022420,1.000000e+00,0.609375
14360,0.982428,0.789879,0.006740,0.185809,1.000000e+00,0.570312
14380,0.486886,0.303828,0.016571,0.166487,1.000000e+00,0.859375
14400,0.326652,0.270919,0.003819,0.051914,1.000000e+00,0.820312
14420,0.423548,0.339817,0.010410,0.073321,1.000000e+00,0.691406
14440,0.468578,0.406091,0.009891,0.052597,1.000000e+00,0.796875
14460,0.634976,0.303865,0.004681,0.326429,1.000000e+00,0.785156
14480,1.246633,0.746244,0.070448,0.429942,1.000000e+00,0.859375
14500,0.351206,0.342621,0.002859,0.005727,1.000000e+00,0.867188
14520,0.505114,0.482225,0.007871,0.015018,1.000000e+00,0.621094
14540,0.302942,0.276210,0.010327,0.016405,1.000000e+00,0.890625
14560,0.567710,0.453598,0.003408,0.110703,1.000000e+00,0.859375
14580,0.435493,0.338556,0.006168,0.090769,1.000000e+00,0.625000
14600,0.397798,0.385940,0.010775,0.001083,1.000000e+00,0.851562
14620,0.385853,0.363530,0.003568,0.018755,1.000000e+00,0.691406
14640,0.954014,0.903025,0.005550,0.045439,1.000000e+00,0.335938
14660,0.681547,0.305320,0.012248,0.363979,1.000000e+00,0.851562
14680,0.386491,0.368386,0.003999,0.014107,1.000000e+00,0.718750
14700,0.694208,0.364759,0.004662,0.324787,1.000000e+00,0.773438
14720,0.437521,0.391171,0.011982,0.034368,1.000000e+00,0.753906
14740,0.561480,0.384638,0.006147,0.170694,1.000000e+00,0.726562
14760,0.394515,0.369892,0.006842,0.017782,1.000000e+00,0.925781
14780,0.650610,0.330448,0.007835,0.312327,1.000000e+00,0.859375
14800,0.575875,0.532339,0.011234,0.032302,1.000000e+00,0.746094
14820,0.588921,0.383485,0.010830,0.194607,1.000000e+00,0.914062
14840,0.413715,0.400185,0.003135,0.010395,1.000000e+00,0.675781
14860,0.390860,0.364938,0.005898,0.020023,1.000000e+00,0.710938
14880,0.694647,0.182902,0.006115,0.505630,1.000000e+00,0.914062
14900,0.447927,0.419833,0.002287,0.025808,1.000000e+00,0.660156
14920,0.392710,0.351105,0.006800,0.034805,1.000000e+00,0.832031
14940,0.947734,0.791643,0.004657,0.151434,1.000000e+00,0.431641
14960,0.586430,0.552902,0.008641,0.024887,1.000000e+00,0.478516
14980,0.405413,0.376926,0.004738,0.023750,1.000000e+00,0.687500
15000,0.583247,0.359992,0.007061,0.216194,1.000000e+00,0.757812
15020,0.987499,0.976917,0.004023,0.006559,1.000000e+00,0.382812
15040,0.831406,0.803068,0.005633,0.022705,1.000000e+00,0.458984
15060,0.831354,0.603106,0.006910,0.221337,1.000000e+00,0.273438
15080,0.455868,0.371964,0.009573,0.074331,1.000000e+00,0.957031
15100,0.300827,0.276313,0.003445,0.021069,1.000000e+00,0.894531
15120,0.666705,0.411671,0.007748,0.247286,1.000000e+00,0.820312
15140,0.406012,0.389528,0.004735,0.011749,1.000000e+00,0.812500
15160,1.078297,0.881995,0.005410,0.190891,1.000000e+00,0.400391
15180,0.599639,0.305859,0.005089,0.288692,1.000000e+00,0.906250
15200,0.649332,0.502719,0.006100,0.140513,1.000000e+00,0.503906
15220,0.353572,0.196939,0.005766,0.150867,1.000000e+00,0.835938
15240,0.503518,0.386336,0.007521,0.109661,1.000000e+00,0.585938
15260,0.447724,0.428548,0.009610,0.009567,1.000000e+00,0.757812
15280,0.445456,0.390869,0.005617,0.048971,1.000000e+00,0.738281
15300,0.741252,0.692047,0.011428,0.037777,1.000000e+00,0.925781
15320,0.684859,0.656742,0.005057,0.023061,1.000000e+00,0.878906
15340,0.478167,0.445351,0.010541,0.022275,1.000000e+00,0.687500
15360,0.621507,0.599947,0.002565,0.018995,1.000000e+00,0.488281
15380,1.074815,1.013890,0.008671,0.052254,1.000000e+00,0.361328
15400,1.193261,1.078328,0.004508,0.110425,1.000000e+00,0.322266
15420,0.436714,0.368904,0.001983,0.065827,1.000000e+00,0.777344
15440,0.806051,0.728301,0.008269,0.069481,1.000000e+00,0.671875
15460,0.785464,0.501435,0.026926,0.257103,1.000000e+00,0.718750
15480,0.672434,0.346383,0.011436,0.314615,1.000000e+00,0.789062
15500,0.527934,0.344748,0.009118,0.174068,1.000000e+00,0.875000
15520,0.325485,0.290055,0.003948,0.031482,1.000000e+00,0.832031
15540,0.334530,0.143071,0.005921,0.185538,1.000000e+00,0.925781
15560,0.639193,0.588910,0.014159,0.036124,1.000000e+00,0.617188
15580,0.330880,0.308315,0.007371,0.015194,1.000000e+00,0.906250
15600,0.852144,0.701540,0.009144,0.141460,1.000000e+00,0.457031
15620,0.359727,0.336698,0.005783,0.017247,1.000000e+00,0.609375
15640,0.684885,0.397289,0.003152,0.284444,1.000000e+00,0.710938
15660,0.319998,0.297617,0.005293,0.017088,1.000000e+00,0.902344
15680,0.568995,0.544757,0.008764,0.015473,1.000000e+00,0.667969
15700,0.827900,0.744486,0.005331,0.078084,1.000000e+00,0.753906
15720,0.432826,0.405620,0.002214,0.024992,1.000000e+00,0.648438
15740,0.350007,0.304658,0.029138,0.016211,1.000000e+00,0.871094
15760,1.401585,1.282829,0.012747,0.106009,1.000000e+00,0.197266
15780,1.136842,0.655031,0.029892,0.451919,1.000000e+00,0.820312
15800,0.724301,0.689789,0.014519,0.019993,1.000000e+00,0.566406
15820,0.628983,0.310408,0.004281,0.314293,1.000000e+00,0.550781
15840,0.437420,0.228185,0.009509,0.199725,1.000000e+00,0.812500
15860,0.414012,0.330980,0.004971,0.078061,1.000000e+00,0.824219
15880,0.654860,0.628245,0.003336,0.023279,1.000000e+00,0.675781
15900,0.783141,0.659871,0.005765,0.117505,1.000000e+00,0.482422
15920,0.690550,0.365820,0.004989,0.319741,1.000000e+00,0.816406
15940,0.342063,0.150843,0.003995,0.187226,1.000000e+00,0.914062
15960,0.706168,0.560932,0.001754,0.143482,1.000000e+00,0.386719
15980,0.800618,0.775399,0.003902,0.021317,1.000000e+00,0.427734
16000,0.527616,0.207529,0.002742,0.317345,1.000000e+00,0.679688
16020,0.948922,0.907260,0.006104,0.035557,1.000000e+00,0.707031
16040,0.618068,0.601370,0.007101,0.009597,1.000000e+00,0.402344
16060,0.624902,0.618097,0.005990,0.000815,1.000000e+00,0.597656
16080,1.057353,0.968905,0.005325,0.083123,1.000000e+00,0.339844
16100,0.606884,0.569546,0.009172,0.028166,1.000000e+00,0.550781
16120,0.535339,0.478292,0.004511,0.052536,1.000000e+00,0.726562
16140,0.707367,0.645250,0.003424,0.058693,1.000000e+00,0.644531
16160,0.563895,0.485589,0.004099,0.074206,1.000000e+00,0.656250
16180,0.897497,0.837876,0.005525,0.054097,1.000000e+00,0.507812
16200,0.460329,0.410486,0.002065,0.047778,1.000000e+00,0.687500
16220,0.417091,0.399537,0.006696,0.010858,1.000000e+00,0.750000
16240,0.595778,0.533337,0.005955,0.056485,1.000000e+00,0.687500
16260,0.732614,0.394554,0.008409,0.329650,1.000000e+00,0.824219
16280,1.017698,0.761863,0.004150,0.251686,1.000000e+00,0.414062
16300,0.337067,0.220376,0.004264,0.112428,1.000000e+00,0.890625
16320,0.848823,0.436487,0.020597,0.391739,1.000000e+00,0.703125
16340,0.280766,0.254220,0.015714,0.010833,1.000000e+00,0.953125
16360,0.658116,0.587705,0.003178,0.067232,1.000000e+00,0.500000
16380,0.494729,0.438721,0.011521,0.044487,1.000000e+00,0.824219
16400,0.474540,0.443839,0.009925,0.020776,1.000000e+00,0.687500
16420,0.934013,0.619050,0.006479,0.308485,1.000000e+00,0.335938
16440,0.316381,0.298962,0.003165,0.014255,1.000000e+00,0.968750
16460,0.396427,0.220318,0.004366,0.171743,1.000000e+00,0.816406
16480,0.577108,0.357987,0.005970,0.213151,1.000000e+00,0.738281
16500,0.497035,0.229363,0.003971,0.263701,1.000000e+00,0.605469
16520,0.345933,0.329884,0.004328,0.011721,1.000000e+00,0.859375
16540,1.023007,0.546546,0.009147,0.467314,1.000000e+00,0.796875
16560,0.732238,0.386579,0.010284,0.335375,1.000000e+00,0.851562
16580,0.405014,0.168793,0.008866,0.227356,1.000000e+00,0.824219
16600,0.356206,0.159461,0.003851,0.192894,1.000000e+00,0.742188
16620,0.379942,0.350306,0.013354,0.016282,1.000000e+00,0.785156
16640,0.957259,0.845798,0.009714,0.101747,1.000000e+00,0.470703
16660,1.053399,1.041811,0.006975,0.004613,1.000000e+00,0.609375
16680,0.722948,0.707316,0.012957,0.002675,1.000000e+00,0.753906
16700,0.517022,0.498691,0.004591,0.013740,1.000000e+00,0.718750
16720,0.551532,0.305146,0.005270,0.241116,1.000000e+00,0.863281
16740,1.009724,0.928201,0.005237,0.076286,1.000000e+00,0.382812
16760,0.338580,0.313449,0.003142,0.021989,1.000000e+00,0.792969
16780,0.553841,0.514243,0.004386,0.035211,1.000000e+00,0.820312
16800,0.362958,0.343394,0.006472,0.013092,1.000000e+00,0.906250
16820,0.515970,0.315893,0.011646,0.188431,1.000000e+00,0.878906
16840,0.802377,0.325877,0.007206,0.469294,1.000000e+00,0.734375
16860,0.661907,0.593497,0.002063,0.066347,1.000000e+00,0.447266
16880,0.947161,0.510368,0.007471,0.429322,1.000000e+00,0.601562
16900,0.757461,0.368662,0.006148,0.382651,1.000000e+00,0.476562
16920,0.684223,0.371064,0.004928,0.308231,1.000000e+00,0.660156
16940,0.567947,0.265449,0.022978,0.279519,1.000000e+00,0.937500
16960,0.600418,0.561057,0.013952,0.025409,1.000000e+00,0.742188
16980,0.630068,0.235736,0.005418,0.388914,1.000000e+00,0.890625
17000,0.857457,0.758675,0.007024,0.091758,1.000000e+00,0.394531
17020,0.839748,0.823288,0.004282,0.012177,1.000000e+00,0.460938
17040,0.887812,0.664624,0.012902,0.210286,1.000000e+00,0.558594
17060,0.334431,0.258934,0.003980,0.071518,1.000000e+00,0.914062
17080,0.459156,0.438483,0.005007,0.015666,1.000000e+00,0.824219
17100,0.446452,0.420379,0.007569,0.018503,1.000000e+00,0.906250
17120,0.573100,0.304820,0.004802,0.263478,1.000000e+00,0.929688
17140,1.119342,0.933624,0.007362,0.178357,1.000000e+00,0.332031
17160,0.657659,0.381935,0.008895,0.266829,1.000000e+00,0.789062
17180,0.557140,0.279846,0.004722,0.272572,1.000000e+00,0.644531
17200,0.544796,0.482068,0.003650,0.059078,1.000000e+00,0.769531
17220,0.332537,0.297546,0.008322,0.026669,1.000000e+00,0.851562
17240,0.639229,0.335084,0.008953,0.295193,1.000000e+00,0.914062
17260,0.935685,0.826042,0.003369,0.106274,1.000000e+00,0.248047
17280,0.796123,0.465256,0.010893,0.319974,1.000000e+00,0.671875
17300,0.821945,0.336777,0.004651,0.480517,1.000000e+00,0.746094
17320,0.728584,0.437546,0.008672,0.282366,1.000000e+00,0.699219
17340,0.626000,0.290917,0.003516,0.331567,1.000000e+00,0.703125
17360,1.100546,1.085181,0.007768,0.007597,1.000000e+00,0.628906
17380,0.964443,0.690861,0.008001,0.265581,1.000000e+00,0.546875
17400,0.521413,0.324530,0.005755,0.191128,1.000000e+00,0.898438
17420,0.332429,0.316497,0.002188,0.013744,1.000000e+00,0.824219
17440,0.624950,0.421161,0.003419,0.200371,1.000000e+00,0.675781
17460,0.925554,0.788163,0.013181,0.124210,1.000000e+00,0.355469
17480,0.525549,0.489392,0.023543,0.012613,1.000000e+00,0.925781
17500,0.573555,0.227172,0.004688,0.341695,1.000000e+00,0.785156
17520,0.337911,0.325332,0.003433,0.009146,1.000000e+00,0.847656
17540,0.733665,0.574089,0.010402,0.149174,1.000000e+00,0.656250
17560,0.529479,0.317653,0.006576,0.205250,1.000000e+00,0.824219
17580,0.586229,0.551903,0.003686,0.030641,1.000000e+00,0.531250
17600,0.568459,0.447174,0.021525,0.099760,1.000000e+00,0.820312
17620,0.541074,0.503392,0.003737,0.033946,1.000000e+00,0.769531
17640,0.328908,0.169597,0.010966,0.148345,1.000000e+00,0.820312
17660,0.463537,0.371655,0.004969,0.086913,1.000000e+00,0.738281
17680,0.869911,0.832695,0.011773,0.025444,1.000000e+00,0.462891
17700,0.692718,0.335192,0.007812,0.349714,1.000000e+00,0.847656
17720,0.887922,0.707269,0.002883,0.177770,1.000000e+00,0.384766
17740,0.693791,0.386116,0.007312,0.300363,1.000000e+00,0.746094
17760,0.412691,0.140303,0.003974,0.268414,1.000000e+00,0.921875
17780,0.315677,0.286119,0.005103,0.024455,1.000000e+00,0.761719
17800,1.274892,1.153839,0.009215,0.111839,1.000000e+00,0.396484
17820,0.421162,0.259718,0.004310,0.157134,1.000000e+00,0.742188
17840,0.578030,0.566990,0.004579,0.006462,1.000000e+00,0.492188
17860,0.521803,0.281149,0.009139,0.231516,1.000000e+00,0.546875
17880,0.276686,0.242608,0.004010,0.030067,1.000000e+00,0.894531
17900,0.826791,0.800944,0.004386,0.021461,1.000000e+00,0.503906
17920,0.606155,0.524734,0.015063,0.066357,1.000000e+00,0.667969
17940,0.449308,0.396498,0.025448,0.027361,1.000000e+00,0.808594
17960,0.422385,0.397000,0.007507,0.017877,1.000000e+00,0.781250
17980,0.552054,0.517468,0.009131,0.025455,1.000000e+00,0.734375
18000,0.515904,0.156102,0.007695,0.352107,1.000000e+00,0.820312
18020,0.517614,0.454068,0.004722,0.058823,1.000000e+00,0.710938
18040,0.325435,0.291440,0.002996,0.030999,1.000000e+00,0.808594
18060,0.415996,0.392159,0.009025,0.014811,1.000000e+00,0.714844
18080,0.700364,0.468504,0.012274,0.219587,1.000000e+00,0.382812
18100,0.259713,0.190247,0.003151,0.066315,1.000000e+00,0.847656
18120,0.574584,0.322706,0.012235,0.239642,1.000000e+00,0.835938
18140,0.434699,0.166628,0.009578,0.258492,1.000000e+00,0.757812
18160,0.612171,0.586608,0.006194,0.019370,1.000000e+00,0.808594
18180,0.415814,0.397393,0.013201,0.005220,1.000000e+00,0.824219
18200,0.497215,0.166169,0.004714,0.326332,1.000000e+00,0.882812
18220,0.609136,0.351038,0.005064,0.253033,1.000000e+00,0.945312
18240,0.422169,0.407434,0.003198,0.011537,1.000000e+00,0.789062
18260,0.723460,0.245244,0.008549,0.469667,1.000000e+00,0.753906
18280,1.087883,0.888175,0.006167,0.193541,1.000000e+00,0.402344
18300,0.543650,0.409045,0.008361,0.126244,1.000000e+00,0.945312
18320,0.495590,0.160406,0.003347,0.331837,1.000000e+00,0.796875
18340,0.663129,0.446979,0.002376,0.213774,1.000000e+00,0.566406
18360,0.669726,0.300329,0.010143,0.359254,1.000000e+00,0.867188
18380,0.504159,0.256222,0.005512,0.242425,1.000000e+00,0.777344
18400,0.366896,0.345567,0.004324,0.017005,1.000000e+00,0.894531
18420,0.505978,0.480808,0.002513,0.022657,1.000000e+00,0.578125
18440,0.369919,0.341640,0.004843,0.023436,1.000000e+00,0.882812
18460,0.392800,0.371277,0.003220,0.018304,1.000000e+00,0.699219
18480,0.648655,0.526676,0.008157,0.113822,1.000000e+00,0.687500
18500,0.398442,0.344817,0.003992,0.049633,1.000000e+00,0.832031
18520,0.877251,0.567236,0.004520,0.305494,1.000000e+00,0.570312
18540,0.921721,0.905734,0.003012,0.012974,1.000000e+00,0.341797
18560,0.508195,0.148453,0.005508,0.354234,1.000000e+00,0.835938
18580,1.068193,0.759999,0.006434,0.301759,1.000000e+00,0.386719
18600,0.743270,0.609442,0.003049,0.130779,1.000000e+00,0.613281
18620,0.319294,0.296246,0.004466,0.018582,1.000000e+00,0.632812
18640,0.462492,0.431708,0.004618,0.026166,1.000000e+00,0.773438
18660,0.732019,0.683918,0.004100,0.044001,1.000000e+00,0.597656
18680,0.535567,0.300246,0.002050,0.233272,1.000000e+00,0.871094
18700,0.359068,0.106677,0.008706,0.243685,1.000000e+00,0.933594
18720,0.474300,0.404257,0.022502,0.047541,1.000000e+00,0.894531
18740,0.628051,0.343896,0.004060,0.280095,1.000000e+00,0.886719
18760,0.832022,0.797753,0.004851,0.029418,1.000000e+00,0.192383
18780,0.577097,0.431817,0.002174,0.143107,1.000000e+00,0.769531
18800,0.397518,0.227161,0.021528,0.148829,1.000000e+00,0.687500
18820,0.605774,0.568488,0.007042,0.030244,1.000000e+00,0.703125
18840,0.773298,0.484019,0.007366,0.281913,1.000000e+00,0.847656
18860,0.863263,0.516114,0.005031,0.342117,1.000000e+00,0.523438
18880,0.584568,0.560191,0.005516,0.018861,1.000000e+00,0.875000
18900,0.633686,0.520745,0.006684,0.106258,1.000000e+00,0.656250
18920,0.689437,0.396578,0.014947,0.277913,1.000000e+00,0.871094
18940,1.067590,0.853095,0.003364,0.211131,1.000000e+00,0.250000
18960,0.255078,0.238888,0.008377,0.007813,1.000000e+00,0.867188
18980,0.583606,0.274213,0.003833,0.305559,1.000000e+00,0.902344
19000,0.889650,0.738013,0.003751,0.147886,1.000000e+00,0.410156
19020,0.878573,0.838962,0.006208,0.033403,1.000000e+00,0.515625
19040,0.361724,0.323386,0.012336,0.026002,1.000000e+00,0.816406
19060,0.619954,0.498186,0.005092,0.116675,1.000000e+00,0.621094
19080,0.703612,0.685987,0.006228,0.011397,1.000000e+00,0.500000
19100,1.020261,0.989684,0.004550,0.026027,1.000000e+00,0.507812
19120,0.481400,0.396946,0.009864,0.074590,1.000000e+00,0.707031
19140,0.689592,0.555651,0.022312,0.111628,1.000000e+00,0.503906
19160,0.580544,0.558068,0.005724,0.016751,1.000000e+00,0.968750
19180,0.625115,0.426059,0.009903,0.189153,1.000000e+00,0.964844
19200,0.292553,0.280836,0.003716,0.008001,1.000000e+00,0.843750
19220,0.693700,0.670595,0.004053,0.019052,1.000000e+00,0.804688
19240,0.627576,0.581554,0.003935,0.042087,1.000000e+00,0.476562
19260,0.483038,0.464521,0.003538,0.014980,1.000000e+00,0.691406
19280,0.625601,0.385983,0.005930,0.233687,1.000000e+00,0.914062
19300,0.684983,0.446008,0.003006,0.235970,1.000000e+00,0.410156
19320,0.345634,0.320678,0.009183,0.015773,1.000000e+00,0.933594
19340,0.388348,0.349769,0.003056,0.035523,1.000000e+00,0.699219
19360,0.756625,0.732525,0.010473,0.013628,1.000000e+00,0.914062
19380,0.446734,0.410557,0.003007,0.033169,1.000000e+00,0.722656
19400,0.789867,0.748363,0.003195,0.038308,1.000000e+00,0.500000
19420,0.479258,0.430311,0.010231,0.038715,1.000000e+00,0.667969
19440,0.282471,0.227865,0.006169,0.048436,1.000000e+00,0.933594
19460,0.449127,0.414274,0.006319,0.028534,1.000000e+00,0.828125
19480,0.513157,0.496378,0.003281,0.013498,1.000000e+00,0.667969
19500,1.141262,0.871883,0.007834,0.261545,1.000000e+00,0.236328
19520,0.510282,0.478330,0.007380,0.024572,1.000000e+00,0.593750
19540,0.547172,0.398408,0.010071,0.138692,1.000000e+00,0.746094
19560,0.433472,0.293887,0.006143,0.133442,1.000000e+00,0.937500
19580,0.348699,0.336174,0.007345,0.005179,1.000000e+00,0.804688
19600,0.419344,0.405984,0.006479,0.006881,1.000000e+00,0.804688
19620,0.321681,0.303509,0.008720,0.009452,1.000000e+00,0.824219
19640,0.406249,0.377960,0.004610,0.023678,1.000000e+00,0.742188
19660,0.592393,0.304490,0.003477,0.284425,1.000000e+00,0.660156
19680,0.908673,0.496285,0.006452,0.405936,1.000000e+00,0.554688
19700,0.684544,0.611218,0.005443,0.067883,1.000000e+00,0.445312
19720,0.685185,0.495105,0.006103,0.183977,1.000000e+00,0.558594
19740,0.380233,0.363843,0.005007,0.011382,1.000000e+00,0.914062
19760,0.809922,0.770841,0.010672,0.028409,1.000000e+00,0.435547
19780,0.349531,0.277457,0.005532,0.066543,1.000000e+00,0.929688
19800,0.756042,0.725487,0.012352,0.018203,1.000000e+00,0.910156
19820,0.774268,0.769892,0.002302,0.002073,1.000000e+00,0.361328
19840,0.753384,0.636168,0.007395,0.109820,1.000000e+00,0.527344
19860,0.588672,0.557987,0.005192,0.025493,1.000000e+00,0.707031
19880,0.318526,0.304129,0.003961,0.010436,1.000000e+00,0.890625
19900,0.498120,0.475559,0.010667,0.011894,1.000000e+00,0.832031
19920,0.767351,0.738623,0.005498,0.023230,1.000000e+00,0.455078
19940,0.544954,0.284053,0.006581,0.254320,1.000000e+00,0.917969
19960,0.343306,0.294479,0.005321,0.043506,1.000000e+00,0.871094
19980,0.304966,0.285938,0.008114,0.010914,1.000000e+00,0.906250
20000,0.525009,0.347866,0.012142,0.165001,1.000000e+00,0.890625
20020,1.933867,1.680045,0.007306,0.246517,1.000000e+00,0.034180
20040,0.726457,0.361822,0.012880,0.351754,1.000000e+00,0.730469
20060,0.773434,0.557167,0.006019,0.210248,1.000000e+00,0.722656
20080,0.466402,0.273571,0.003828,0.189003,1.000000e+00,0.824219
20100,0.372858,0.305495,0.004166,0.063197,1.000000e+00,0.777344
20120,0.381733,0.185806,0.006936,0.188991,1.000000e+00,0.820312
20140,0.595964,0.365689,0.004954,0.225322,1.000000e+00,0.941406
20160,0.738291,0.274230,0.003937,0.460124,1.000000e+00,0.640625
20180,0.718398,0.457880,0.008536,0.251982,1.000000e+00,0.769531
20200,0.554028,0.380864,0.004343,0.168821,1.000000e+00,0.800781
20220,0.680179,0.647202,0.005815,0.027162,1.000000e+00,0.480469
20240,0.330888,0.296611,0.006283,0.027994,1.000000e+00,0.906250
20260,0.579997,0.558298,0.005633,0.016066,1.000000e+00,0.648438
20280,1.068912,0.818588,0.003310,0.247014,1.000000e+00,0.255859
20300,0.555961,0.541525,0.004761,0.009675,1.000000e+00,0.792969
20320,0.358876,0.353884,0.002796,0.002196,1.000000e+00,0.726562
20340,0.490322,0.273239,0.003948,0.213135,1.000000e+00,0.695312
20360,0.393662,0.351571,0.021466,0.020625,1.000000e+00,0.910156
20380,0.459415,0.447662,0.004165,0.007588,1.000000e+00,0.734375
20400,0.801491,0.530575,0.005451,0.265465,1.000000e+00,0.605469
20420,0.947927,0.830382,0.003642,0.113903,1.000000e+00,0.640625
20440,1.279996,1.003664,0.007873,0.268459,1.000000e+00,0.375000
20460,0.297504,0.264437,0.004704,0.028362,1.000000e+00,0.847656
20480,0.909121,0.602006,0.004862,0.302253,1.000000e+00,0.597656
20500,0.479659,0.179499,0.003443,0.296717,1.000000e+00,0.792969
20520,0.611592,0.480097,0.005606,0.125889,1.000000e+00,0.691406
20540,0.623189,0.602214,0.002245,0.018730,1.000000e+00,0.546875
20560,0.571053,0.325725,0.035190,0.210137,1.000000e+00,0.863281
20580,0.633720,0.360262,0.010419,0.263039,1.000000e+00,0.593750
20600,0.773067,0.427017,0.005815,0.340236,1.000000e+00,0.703125
20620,0.293875,0.146716,0.002524,0.144634,1.000000e+00,0.820312
20640,0.338985,0.323295,0.007857,0.007833,1.000000e+00,0.937500
20660,0.692744,0.322817,0.006425,0.363502,1.000000e+00,0.917969
20680,1.271322,1.187773,0.005754,0.077796,1.000000e+00,0.138672
20700,0.511229,0.194994,0.003590,0.312645,1.000000e+00,0.710938
20720,0.601954,0.559287,0.010690,0.031977,1.000000e+00,0.636719
20740,0.629745,0.345038,0.005771,0.278937,1.000000e+00,0.417969
20760,0.422420,0.401337,0.002345,0.018738,1.000000e+00,0.835938
20780,0.676364,0.509171,0.009146,0.158047,1.000000e+00,0.828125
20800,0.628007,0.610396,0.008610,0.009000,1.000000e+00,0.550781
20820,0.425084,0.381645,0.003143,0.040296,1.000000e+00,0.750000
20840,0.351823,0.271412,0.002200,0.078212,1.000000e+00,0.820312
20860,0.635135,0.263131,0.017430,0.354574,1.000000e+00,0.769531
20880,1.104362,1.093288,0.004859,0.006216,1.000000e+00,0.353516
20900,0.733836,0.719709,0.007615,0.006512,1.000000e+00,0.562500
20920,0.756769,0.703576,0.003433,0.049761,1.000000e+00,0.628906
20940,0.378559,0.373526,0.004638,0.000396,1.000000e+00,0.796875
20960,0.486603,0.415444,0.009828,0.061331,1.000000e+00,0.902344
20980,0.583306,0.423467,0.009887,0.149952,1.000000e+00,0.710938
21000,0.748821,0.319386,0.011687,0.417748,1.000000e+00,0.785156
21020,0.763771,0.533896,0.003816,0.226059,1.000000e+00,0.648438
21040,0.485629,0.319027,0.003891,0.162711,1.000000e+00,0.664062
21060,0.351246,0.334969,0.007569,0.008709,1.000000e+00,0.792969
21080,0.355792,0.343734,0.004437,0.007621,1.000000e+00,0.835938
21100,0.587498,0.556553,0.006564,0.024381,1.000000e+00,0.625000
21120,0.617062,0.592467,0.005627,0.018968,1.000000e+00,0.562500
21140,0.694574,0.679811,0.007204,0.007559,1.000000e+00,0.566406
21160,0.649183,0.404480,0.010136,0.234567,1.000000e+00,0.937500
21180,0.909739,0.388925,0.004327,0.516487,1.000000e+00,0.628906
21200,0.909124,0.874331,0.003930,0.030863,1.000000e+00,0.703125
21220,0.744524,0.693752,0.030695,0.020077,1.000000e+00,0.507812
21240,0.423902,0.223449,0.004547,0.195907,1.000000e+00,0.664062
21260,0.831607,0.590016,0.003666,0.237926,1.000000e+00,0.539062
21280,0.642213,0.396371,0.008048,0.237795,1.000000e+00,0.757812
21300,0.486846,0.470866,0.004455,0.011526,1.000000e+00,0.640625
21320,0.603748,0.332384,0.004777,0.266587,1.000000e+00,0.820312
21340,0.692925,0.459420,0.008326,0.225180,1.000000e+00,0.710938
21360,1.217755,1.169817,0.014079,0.033859,1.000000e+00,0.539062
21380,0.723924,0.536465,0.006092,0.181367,1.000000e+00,0.734375
21400,1.041578,0.738129,0.004763,0.298686,1.000000e+00,0.515625
21420,0.987585,0.595659,0.006852,0.385075,1.000000e+00,0.507812
21440,0.385999,0.358734,0.007716,0.019549,1.000000e+00,0.859375
21460,0.530835,0.272010,0.005842,0.252983,1.000000e+00,0.632812
21480,0.260638,0.243225,0.004221,0.013192,1.000000e+00,0.863281
21500,0.505441,0.210396,0.004720,0.290325,1.000000e+00,0.574219
21520,0.312800,0.270004,0.003905,0.038890,1.000000e+00,0.914062
21540,0.415512,0.202623,0.005185,0.207704,1.000000e+00,0.894531
21560,0.754780,0.727654,0.007911,0.019216,1.000000e+00,0.345703
21580,0.330986,0.168505,0.005273,0.157208,1.000000e+00,0.937500
21600,0.504218,0.154841,0.001935,0.347442,1.000000e+00,0.902344
21620,0.750285,0.406722,0.006844,0.336720,1.000000e+00,0.554688
21640,0.409013,0.385323,0.007483,0.016207,1.000000e+00,0.773438
21660,0.344141,0.164708,0.004560,0.174873,1.000000e+00,0.738281
21680,0.666199,0.594707,0.013778,0.057714,1.000000e+00,0.632812
21700,0.419572,0.387372,0.003729,0.028470,1.000000e+00,0.699219
21720,0.546421,0.371878,0.003561,0.170982,1.000000e+00,0.396484
21740,0.554872,0.184938,0.006825,0.363109,1.000000e+00,0.835938
21760,0.494366,0.397063,0.002484,0.094819,1.000000e+00,0.613281
21780,0.411499,0.316590,0.059155,0.035754,1.000000e+00,0.929688
21800,0.739281,0.295759,0.006066,0.437455,1.000000e+00,0.839844
21820,0.552078,0.425981,0.006340,0.119757,1.000000e+00,0.761719
21840,0.572281,0.527047,0.007275,0.037960,1.000000e+00,0.640625
21860,0.432823,0.202750,0.004073,0.226000,1.000000e+00,0.949219
21880,0.642302,0.606912,0.005712,0.029679,1.000000e+00,0.652344
21900,0.567461,0.358699,0.004124,0.204637,1.000000e+00,0.863281
21920,1.039899,0.924281,0.015703,0.099915,1.000000e+00,0.433594
21940,1.069494,0.947046,0.007330,0.115118,1.000000e+00,0.330078
21960,0.867308,0.612322,0.005955,0.249031,1.000000e+00,0.519531
21980,0.435473,0.309987,0.004705,0.120781,1.000000e+00,0.894531
22000,0.735272,0.616259,0.006520,0.112494,1.000000e+00,0.640625
22020,0.351787,0.343325,0.003814,0.004648,1.000000e+00,0.746094
22040,0.654902,0.635315,0.004154,0.015432,1.000000e+00,0.515625
22060,0.738989,0.367127,0.010801,0.361061,1.000000e+00,0.808594
22080,0.473023,0.184803,0.008274,0.279946,1.000000e+00,0.906250
22100,0.552632,0.535108,0.005366,0.012157,1.000000e+00,0.640625
22120,0.441957,0.400900,0.005605,0.035453,1.000000e+00,0.757812
22140,0.531614,0.483279,0.001870,0.046465,1.000000e+00,0.765625
22160,0.599547,0.269270,0.038321,0.291956,1.000000e+00,0.828125
22180,0.331238,0.318771,0.007073,0.005394,1.000000e+00,0.902344
22200,0.241556,0.215931,0.012827,0.012798,1.000000e+00,0.941406
22220,0.690723,0.492814,0.004608,0.193301,1.000000e+00,0.664062
22240,0.293535,0.214486,0.003189,0.075860,1.000000e+00,0.718750
22260,0.592942,0.499297,0.003603,0.090042,1.000000e+00,0.679688
22280,0.501647,0.480577,0.008652,0.012418,1.000000e+00,0.835938
22300,0.584313,0.562459,0.007008,0.014846,1.000000e+00,0.687500
22320,0.643020,0.334070,0.004792,0.304157,1.000000e+00,0.439453
22340,0.470880,0.325603,0.003705,0.141572,1.000000e+00,0.503906
22360,0.478030,0.417934,0.007301,0.052795,1.000000e+00,0.640625
22380,0.685685,0.648255,0.004881,0.032549,1.000000e+00,0.511719
22400,1.128354,0.595375,0.012278,0.520701,1.000000e+00,0.437500
22420,0.358655,0.324027,0.010319,0.024309,1.000000e+00,0.843750
22440,0.555275,0.553686,0.001393,0.000196,1.000000e+00,0.578125
22460,1.013250,0.933702,0.003488,0.076060,1.000000e+00,0.406250
22480,0.447191,0.406237,0.002753,0.038202,1.000000e+00,0.691406
22500,0.490756,0.445570,0.014601,0.030584,1.000000e+00,0.882812
22520,0.285488,0.164055,0.005400,0.116034,1.000000e+00,0.757812
22540,0.318424,0.218113,0.012543,0.087768,1.000000e+00,0.781250
22560,0.731623,0.632766,0.007397,0.091461,1.000000e+00,0.609375
22580,0.655135,0.641842,0.004708,0.008585,1.000000e+00,0.589844
22600,0.745710,0.364642,0.012342,0.368726,1.000000e+00,0.820312
22620,0.423489,0.411151,0.002846,0.009493,1.000000e+00,0.757812
22640,0.486691,0.436136,0.006306,0.044249,1.000000e+00,0.796875
22660,0.676957,0.647274,0.003296,0.026387,1.000000e+00,0.628906
22680,0.487290,0.468715,0.005632,0.012943,1.000000e+00,0.707031
22700,0.386761,0.256917,0.006384,0.123459,1.000000e+00,0.878906
22720,0.351056,0.341474,0.002007,0.007575,1.000000e+00,0.695312
22740,0.243122,0.122829,0.007734,0.112559,1.000000e+00,0.914062
22760,0.296078,0.226952,0.005734,0.063392,1.000000e+00,0.953125
22780,0.793734,0.558235,0.007981,0.227518,1.000000e+00,0.625000
22800,0.432613,0.270375,0.007301,0.154937,1.000000e+00,0.664062
22820,0.545138,0.486894,0.004050,0.054194,1.000000e+00,0.628906
22840,0.719600,0.288486,0.012427,0.418687,1.000000e+00,0.871094
22860,0.553839,0.414075,0.010631,0.129133,1.000000e+00,0.640625
22880,0.597832,0.550909,0.005392,0.041531,1.000000e+00,0.750000
22900,0.365171,0.236601,0.002668,0.125902,1.000000e+00,0.937500
22920,0.457286,0.193714,0.013122,0.250450,1.000000e+00,0.835938
22940,0.426391,0.157554,0.004833,0.264004,1.000000e+00,0.714844
22960,0.540031,0.517222,0.005906,0.016903,1.000000e+00,0.730469
22980,0.570164,0.223106,0.008398,0.338660,1.000000e+00,0.835938
23000,0.319055,0.296141,0.005341,0.017573,1.000000e+00,0.914062
23020,0.845808,0.584201,0.004365,0.257242,1.000000e+00,0.585938
23040,1.289376,1.264020,0.003033,0.022323,1.000000e+00,0.337891
23060,0.842644,0.813728,0.007792,0.021124,1.000000e+00,0.255859
23080,0.479964,0.459422,0.008132,0.012410,1.000000e+00,0.835938
23100,0.748788,0.576010,0.003711,0.169068,1.000000e+00,0.500000
23120,0.474071,0.423291,0.003350,0.047430,1.000000e+00,0.695312
23140,0.522769,0.316471,0.006598,0.199700,1.000000e+00,0.902344
23160,0.734470,0.377667,0.008756,0.348047,1.000000e+00,0.871094
23180,0.985803,0.805649,0.007675,0.172479,1.000000e+00,0.392578
23200,0.520224,0.469034,0.004086,0.047104,1.000000e+00,0.722656
23220,0.410113,0.378187,0.007468,0.024458,1.000000e+00,0.761719
23240,0.710297,0.261571,0.006539,0.442188,1.000000e+00,0.925781
23260,0.651618,0.631724,0.005751,0.014143,1.000000e+00,0.812500
23280,0.994139,0.979816,0.005288,0.009036,1.000000e+00,0.671875
23300,0.762510,0.369202,0.010071,0.383237,1.000000e+00,0.804688
23320,0.516170,0.243940,0.011753,0.260477,1.000000e+00,0.796875
23340,0.429772,0.406070,0.006737,0.016965,1.000000e+00,0.660156
23360,0.681330,0.312212,0.006053,0.363065,1.000000e+00,0.843750
23380,0.559748,0.511605,0.002480,0.045662,1.000000e+00,0.664062
23400,0.541110,0.299020,0.014369,0.227721,1.000000e+00,0.968750
23420,0.442483,0.427516,0.002857,0.012111,1.000000e+00,0.757812
23440,0.333171,0.218005,0.004000,0.111165,1.000000e+00,0.960938
23460,0.894763,0.670834,0.003695,0.220235,1.000000e+00,0.531250
23480,0.739020,0.440867,0.007348,0.290805,1.000000e+00,0.781250
23500,0.310579,0.289849,0.005802,0.014928,1.000000e+00,0.953125
23520,0.507661,0.482968,0.007505,0.017188,1.000000e+00,0.585938
23540,0.238019,0.225044,0.005010,0.007964,1.000000e+00,0.875000
23560,0.375986,0.359235,0.004591,0.012160,1.000000e+00,0.847656
23580,0.456910,0.417137,0.012732,0.027041,1.000000e+00,0.671875
23600,0.363051,0.175914,0.006300,0.180836,1.000000e+00,0.792969
23620,0.692518,0.396994,0.003852,0.291672,1.000000e+00,0.429688
23640,0.776574,0.711394,0.007319,0.057862,1.000000e+00,0.408203
23660,0.665924,0.637324,0.014460,0.014140,1.000000e+00,0.679688
23680,0.697415,0.252331,0.005510,0.439573,1.000000e+00,0.886719
23700,0.762139,0.539004,0.009298,0.213837,1.000000e+00,0.535156
23720,0.687351,0.678367,0.005999,0.002985,1.000000e+00,0.500000
23740,1.160085,1.127923,0.007956,0.024206,1.000000e+00,0.480469
23760,0.880557,0.843368,0.006256,0.030934,1.000000e+00,0.294922
23780,0.658701,0.400547,0.006088,0.252066,1.000000e+00,0.695312
23800,0.604036,0.344950,0.007681,0.251404,1.000000e+00,0.867188
23820,0.465568,0.194125,0.005183,0.266260,1.000000e+00,0.835938
23840,1.051942,0.991487,0.008617,0.051838,1.000000e+00,0.408203
23860,0.498623,0.478965,0.010072,0.009586,1.000000e+00,0.769531
23880,1.138309,0.842962,0.004667,0.290681,1.000000e+00,0.069336
23900,0.546533,0.526466,0.007015,0.013052,1.000000e+00,0.597656
23920,0.517265,0.287469,0.022116,0.207680,1.000000e+00,0.925781
23940,0.567738,0.170763,0.006979,0.389997,1.000000e+00,0.949219
23960,0.781402,0.424795,0.004144,0.352463,1.000000e+00,0.699219
23980,0.658550,0.459227,0.006931,0.192392,1.000000e+00,0.621094
24000,0.560078,0.366275,0.005460,0.188343,1.000000e+00,0.878906
24020,0.315481,0.284609,0.010154,0.020718,1.000000e+00,0.890625
24040,0.711691,0.293965,0.004472,0.413254,1.000000e+00,0.457031
24060,0.353839,0.330222,0.003817,0.019800,1.000000e+00,0.765625
24080,0.382958,0.365298,0.004580,0.013079,1.000000e+00,0.722656
24100,0.570570,0.528947,0.005765,0.035858,1.000000e+00,0.816406
24120,1.542522,1.469357,0.004213,0.068951,1.000000e+00,0.300781
24140,0.576796,0.544321,0.011199,0.021276,1.000000e+00,0.753906
24160,0.565739,0.353635,0.003239,0.208866,1.000000e+00,0.945312
24180,0.681630,0.306193,0.005260,0.370177,1.000000e+00,0.582031
24200,1.010944,0.828049,0.003557,0.179339,1.000000e+00,0.427734
24220,0.664604,0.651119,0.004861,0.008625,1.000000e+00,0.554688
24240,0.696624,0.315365,0.004769,0.376490,1.000000e+00,0.734375
24260,1.022506,0.756642,0.004166,0.261699,1.000000e+00,0.484375
24280,1.003682,0.971205,0.005824,0.026654,1.000000e+00,0.421875
24300,0.895951,0.555594,0.005586,0.334771,1.000000e+00,0.498047
24320,0.425631,0.417820,0.005733,0.002079,1.000000e+00,0.714844
24340,0.622090,0.177220,0.004988,0.439882,1.000000e+00,0.835938
24360,0.792062,0.290480,0.007371,0.494211,1.000000e+00,0.710938
24380,0.475979,0.235315,0.004702,0.235962,1.000000e+00,0.699219
24400,0.385876,0.368848,0.005257,0.011771,1.000000e+00,0.753906
24420,0.776607,0.471734,0.004346,0.300527,1.000000e+00,0.726562
24440,0.308228,0.301728,0.002317,0.004183,1.000000e+00,0.957031
24460,0.664945,0.585876,0.010639,0.068430,1.000000e+00,0.490234
24480,0.448772,0.444899,0.002953,0.000920,1.000000e+00,0.648438
24500,0.811939,0.444779,0.006764,0.360396,1.000000e+00,0.640625
24520,0.853139,0.762957,0.006954,0.083228,1.000000e+00,0.408203
24540,0.866287,0.708556,0.002421,0.155309,1.000000e+00,0.488281
24560,0.443224,0.174640,0.004784,0.263799,1.000000e+00,0.906250
24580,0.981141,0.671374,0.002906,0.306861,1.000000e+00,0.542969
24600,0.294701,0.270855,0.007185,0.016661,1.000000e+00,0.953125
24620,0.516544,0.494584,0.007304,0.014656,1.000000e+00,0.820312
24640,0.770339,0.402436,0.008914,0.358988,1.000000e+00,0.734375
24660,0.415412,0.400690,0.002312,0.012410,1.000000e+00,0.687500
24680,0.635589,0.619049,0.003300,0.013240,1.000000e+00,0.843750
24700,0.369618,0.169463,0.004603,0.195553,1.000000e+00,0.886719
24720,0.757212,0.327446,0.005125,0.424641,1.000000e+00,0.652344
24740,0.640111,0.614360,0.005154,0.020597,1.000000e+00,0.546875
24760,0.259531,0.176884,0.005321,0.077326,1.000000e+00,0.894531
24780,0.353214,0.155969,0.006719,0.190526,1.000000e+00,0.800781
24800,0.795957,0.730821,0.005712,0.059424,1.000000e+00,0.462891
24820,0.505588,0.380257,0.004633,0.120698,1.000000e+00,0.875000
24840,0.612283,0.597812,0.005035,0.009436,1.000000e+00,0.542969
24860,0.830019,0.597899,0.004597,0.227522,1.000000e+00,0.554688
24880,0.737313,0.704463,0.010891,0.021959,1.000000e+00,0.593750
24900,0.674371,0.647909,0.010238,0.016225,1.000000e+00,0.498047
24920,0.856617,0.522824,0.003962,0.329831,1.000000e+00,0.613281
24940,0.662828,0.614195,0.010195,0.038438,1.000000e+00,0.585938
24960,0.657394,0.619417,0.004791,0.033185,1.000000e+00,0.570312
24980,0.213161,0.201386,0.004136,0.007639,1.000000e+00,0.863281
25000,0.782051,0.623146,0.003783,0.155123,1.000000e+00,0.628906
25020,0.562225,0.382155,0.004299,0.175771,1.000000e+00,0.714844
25040,0.472395,0.448297,0.003329,0.020770,1.000000e+00,0.839844
25060,1.000448,0.948520,0.020757,0.031171,1.000000e+00,0.416016
25080,0.595245,0.418913,0.006237,0.170094,1.000000e+00,0.738281
25100,0.464264,0.436940,0.006237,0.021087,1.000000e+00,0.828125
25120,0.667160,0.437677,0.027320,0.202163,1.000000e+00,0.621094
25140,0.346219,0.207642,0.019078,0.119500,1.000000e+00,0.632812
25160,0.917439,0.880201,0.002421,0.034818,1.000000e+00,0.375000
25180,0.515428,0.355188,0.008800,0.151440,1.000000e+00,0.886719
25200,0.324643,0.312465,0.002258,0.009920,1.000000e+00,0.757812
25220,0.895068,0.687283,0.001954,0.205832,1.000000e+00,0.337891
25240,0.445859,0.261584,0.006652,0.177624,1.000000e+00,0.687500
25260,1.111852,0.602717,0.006227,0.502908,1.000000e+00,0.230469
25280,0.556326,0.498787,0.015590,0.041948,1.000000e+00,0.714844
25300,0.305074,0.287827,0.002005,0.015242,1.000000e+00,0.886719
25320,0.502559,0.279540,0.006150,0.216869,1.000000e+00,0.914062
25340,0.495141,0.330507,0.005141,0.159494,1.000000e+00,0.582031
25360,0.242103,0.219725,0.003524,0.018854,1.000000e+00,0.886719
25380,0.520174,0.358549,0.001405,0.160221,1.000000e+00,0.800781
25400,0.315061,0.253802,0.006216,0.055043,1.000000e+00,0.816406
25420,0.795714,0.580582,0.029119,0.186014,1.000000e+00,0.968750
25440,0.553596,0.369374,0.007869,0.176353,1.000000e+00,0.746094
25460,0.482153,0.465977,0.007543,0.008633,1.000000e+00,0.710938
25480,1.127315,1.120302,0.001890,0.005123,1.000000e+00,0.601562
25500,0.918316,0.826987,0.006690,0.084640,1.000000e+00,0.558594
25520,0.835842,0.394385,0.007402,0.434055,1.000000e+00,0.699219
25540,0.479985,0.250261,0.013905,0.215818,1.000000e+00,0.882812
25560,0.733144,0.578966,0.002402,0.151775,1.000000e+00,0.371094
25580,0.934214,0.516163,0.005864,0.412187,1.000000e+00,0.287109
25600,0.799589,0.500671,0.008047,0.290870,1.000000e+00,0.679688
25620,0.324106,0.290382,0.009793,0.023931,1.000000e+00,0.890625
25640,0.634538,0.479106,0.004436,0.150996,1.000000e+00,0.345703
25660,0.545936,0.524199,0.005806,0.015931,1.000000e+00,0.703125
25680,0.525207,0.499070,0.014839,0.011299,1.000000e+00,0.664062
25700,0.435741,0.270029,0.004787,0.160925,1.000000e+00,0.914062
25720,1.060042,1.000342,0.003936,0.055763,1.000000e+00,0.343750
25740,0.391580,0.319305,0.003299,0.068976,1.000000e+00,0.808594
25760,0.447377,0.419755,0.008415,0.019207,1.000000e+00,0.855469
25780,0.915585,0.672470,0.005123,0.237992,1.000000e+00,0.211914
25800,0.403616,0.375629,0.006282,0.021705,1.000000e+00,0.808594
25820,0.704967,0.355968,0.005349,0.343650,1.000000e+00,0.714844
25840,0.416068,0.382638,0.005172,0.028258,1.000000e+00,0.835938
25860,0.500237,0.310795,0.010317,0.179124,1.000000e+00,0.808594
25880,0.311895,0.154975,0.042604,0.114316,1.000000e+00,0.832031
25900,0.335607,0.311690,0.009167,0.014750,1.000000e+00,0.949219
25920,0.836553,0.564249,0.007411,0.264892,1.000000e+00,0.425781
25940,0.471202,0.459472,0.007003,0.004727,1.000000e+00,0.582031
25960,0.885701,0.826016,0.011979,0.047705,1.000000e+00,0.433594
25980,0.583801,0.570741,0.004517,0.008543,1.000000e+00,0.656250
26000,0.461263,0.292699,0.002062,0.166502,1.000000e+00,0.945312
26020,0.599465,0.592112,0.005045,0.002308,1.000000e+00,0.714844
26040,0.695205,0.473758,0.004728,0.216719,1.000000e+00,0.656250
26060,0.896750,0.527007,0.005668,0.364075,1.000000e+00,0.488281
26080,0.477635,0.411765,0.004484,0.061386,1.000000e+00,0.832031
26100,0.488138,0.262343,0.003691,0.222105,1.000000e+00,0.859375
26120,0.569975,0.297467,0.005721,0.266786,1.000000e+00,0.816406
26140,0.839703,0.655068,0.008026,0.176609,1.000000e+00,0.515625
26160,0.546751,0.258277,0.002903,0.285571,1.000000e+00,0.906250
26180,0.768323,0.703223,0.013239,0.051862,1.000000e+00,0.980469
26200,0.354856,0.336860,0.004406,0.013590,1.000000e+00,0.871094
26220,1.050683,0.869665,0.005127,0.175891,1.000000e+00,0.441406
26240,0.489877,0.474216,0.006989,0.008672,1.000000e+00,0.730469
26260,0.709196,0.563425,0.004576,0.141195,1.000000e+00,0.691406
26280,0.669485,0.629322,0.017838,0.022325,1.000000e+00,0.785156
26300,0.259511,0.225252,0.005056,0.029203,1.000000e+00,0.773438
26320,0.479669,0.247676,0.004133,0.227861,1.000000e+00,0.839844
26340,0.665450,0.635815,0.005942,0.023693,1.000000e+00,0.753906
26360,0.695893,0.676617,0.006009,0.013268,1.000000e+00,0.570312
26380,0.725145,0.444385,0.006436,0.274324,1.000000e+00,0.726562
26400,1.024908,0.764299,0.006384,0.254225,1.000000e+00,0.332031
26420,0.382846,0.360855,0.014270,0.007721,1.000000e+00,0.882812
26440,0.273358,0.261839,0.004415,0.007104,1.000000e+00,0.886719
26460,0.593297,0.473402,0.004394,0.115501,1.000000e+00,0.695312
26480,0.397670,0.143974,0.004789,0.248907,1.000000e+00,0.828125
26500,0.428514,0.409527,0.007012,0.011974,1.000000e+00,0.703125
26520,0.359165,0.337244,0.006465,0.015457,1.000000e+00,0.867188
26540,0.493018,0.489012,0.003148,0.000859,1.000000e+00,0.683594
26560,0.674858,0.582206,0.003894,0.088758,1.000000e+00,0.601562
26580,0.325051,0.205512,0.004288,0.115250,1.000000e+00,0.945312
26600,0.509644,0.477454,0.005456,0.026735,1.000000e+00,0.757812
26620,0.527258,0.339017,0.006904,0.181336,1.000000e+00,0.835938
26640,0.501461,0.460828,0.012043,0.028589,1.000000e+00,0.800781
26660,1.008290,0.629506,0.005439,0.373345,1.000000e+00,0.306641
26680,0.410046,0.394303,0.005027,0.010716,1.000000e+00,0.703125
26700,0.441146,0.394007,0.002523,0.044616,1.000000e+00,0.582031
26720,0.307544,0.257488,0.005423,0.044633,1.000000e+00,0.925781
26740,0.870668,0.845598,0.010122,0.014948,1.000000e+00,0.742188
26760,0.492669,0.222185,0.004511,0.265973,1.000000e+00,0.855469
26780,0.622959,0.590727,0.005480,0.026751,1.000000e+00,0.359375
26800,0.308304,0.273973,0.007723,0.026608,1.000000e+00,0.851562
26820,0.875215,0.831925,0.015987,0.027303,1.000000e+00,0.527344
26840,0.827316,0.804862,0.007652,0.014802,1.000000e+00,0.484375
26860,0.511418,0.309706,0.011201,0.190512,1.000000e+00,0.687500
26880,0.548901,0.531234,0.009344,0.008323,1.000000e+00,0.757812
26900,0.992264,0.964713,0.014358,0.013193,1.000000e+00,0.474609
26920,0.322411,0.312492,0.005765,0.004154,1.000000e+00,0.843750
26940,0.546113,0.525183,0.005721,0.015210,1.000000e+00,0.652344
26960,0.762996,0.511621,0.007728,0.243648,1.000000e+00,0.664062
26980,0.483463,0.474498,0.004395,0.004569,1.000000e+00,0.843750
27000,0.587309,0.424662,0.002150,0.160497,1.000000e+00,0.357422
27020,0.280964,0.236662,0.016029,0.028274,1.000000e+00,0.917969
27040,0.713761,0.658812,0.011750,0.043199,1.000000e+00,0.597656
27060,0.463786,0.429070,0.008670,0.026047,1.000000e+00,0.917969
27080,0.790092,0.779597,0.004526,0.005968,1.000000e+00,0.184570
27100,0.539538,0.493841,0.005167,0.040530,1.000000e+00,0.683594
27120,1.099092,1.072004,0.010693,0.016395,1.000000e+00,0.511719
27140,0.275329,0.244628,0.005274,0.025427,1.000000e+00,0.937500
27160,0.389592,0.382637,0.003339,0.003616,1.000000e+00,0.757812
27180,0.944025,0.684952,0.003303,0.255769,1.000000e+00,0.474609
27200,0.418117,0.267952,0.008162,0.142003,1.000000e+00,0.875000
27220,1.125775,1.077948,0.006903,0.040923,1.000000e+00,0.320312
27240,0.643315,0.265933,0.006045,0.371338,1.000000e+00,0.656250
27260,0.919089,0.887311,0.004937,0.026841,1.000000e+00,0.419922
27280,0.618087,0.462563,0.007696,0.147828,1.000000e+00,0.851562
27300,0.681390,0.278780,0.004549,0.398061,1.000000e+00,0.687500
27320,0.675975,0.390709,0.007267,0.277999,1.000000e+00,0.761719
27340,0.404463,0.293181,0.005541,0.105740,1.000000e+00,0.816406
27360,0.260042,0.243684,0.005844,0.010514,1.000000e+00,0.859375
27380,0.926759,0.900462,0.009221,0.017076,1.000000e+00,0.589844
27400,0.572859,0.389802,0.004291,0.178766,1.000000e+00,0.527344
27420,0.349949,0.267026,0.007805,0.075119,1.000000e+00,0.882812
27440,0.363719,0.359002,0.003155,0.001561,1.000000e+00,0.757812
27460,0.377130,0.235800,0.007290,0.134040,1.000000e+00,0.671875
27480,0.285309,0.274212,0.007819,0.003277,1.000000e+00,0.941406
27500,0.737088,0.672505,0.017417,0.047165,1.000000e+00,0.933594
27520,0.580692,0.558020,0.003826,0.018846,1.000000e+00,0.695312
27540,0.401788,0.360317,0.007817,0.033654,1.000000e+00,0.863281
27560,0.696346,0.544168,0.005348,0.146830,1.000000e+00,0.574219
27580,0.665121,0.319763,0.007362,0.337995,1.000000e+00,0.781250
27600,0.734422,0.355401,0.008273,0.370748,1.000000e+00,0.757812
27620,0.575645,0.349507,0.002279,0.223858,1.000000e+00,0.753906
27640,0.985643,0.889205,0.009183,0.087254,1.000000e+00,0.511719
27660,0.466019,0.122403,0.002471,0.341144,1.000000e+00,0.925781
27680,0.905495,0.663313,0.005542,0.236640,1.000000e+00,0.570312
27700,0.351303,0.334020,0.007912,0.009371,1.000000e+00,0.914062
27720,0.586614,0.350581,0.003798,0.232235,1.000000e+00,0.667969
27740,0.900045,0.562376,0.006544,0.331125,1.000000e+00,0.554688
27760,0.393294,0.357250,0.007676,0.028368,1.000000e+00,0.847656
27780,0.295333,0.286761,0.004288,0.004284,1.000000e+00,0.843750
27800,0.661838,0.639247,0.005095,0.017496,1.000000e+00,0.863281
27820,0.554829,0.267884,0.004515,0.282430,1.000000e+00,0.605469
27840,0.786864,0.381803,0.014776,0.390285,1.000000e+00,0.890625
27860,0.412654,0.385879,0.006640,0.020135,1.000000e+00,0.734375
27880,0.304753,0.300575,0.003432,0.000747,1.000000e+00,0.832031
27900,0.533702,0.476063,0.006105,0.051534,1.000000e+00,0.636719
27920,0.578017,0.378385,0.004053,0.195579,1.000000e+00,0.812500
27940,1.028851,0.963946,0.011261,0.053644,1.000000e+00,0.781250
27960,0.765907,0.749521,0.010002,0.006385,1.000000e+00,0.550781
27980,0.328903,0.224067,0.009610,0.095226,1.000000e+00,0.890625
28000,0.984664,0.416557,0.005246,0.562861,1.000000e+00,0.589844
28020,0.796308,0.767036,0.005960,0.023312,1.000000e+00,0.582031
28040,0.665574,0.646415,0.006533,0.012627,1.000000e+00,0.546875
28060,0.548776,0.226013,0.004295,0.318468,1.000000e+00,0.730469
28080,0.685353,0.672909,0.001873,0.010571,1.000000e+00,0.480469
28100,0.773147,0.521784,0.002173,0.249190,1.000000e+00,0.503906
28120,0.424247,0.156874,0.008762,0.258611,1.000000e+00,0.761719
28140,0.293220,0.178565,0.004420,0.110234,1.000000e+00,0.738281
28160,0.333261,0.256878,0.004258,0.072125,1.000000e+00,0.871094
28180,0.604802,0.395608,0.027439,0.181755,1.000000e+00,0.734375
28200,0.305508,0.286431,0.002147,0.016930,1.000000e+00,0.667969
28220,0.858271,0.795630,0.007125,0.055516,1.000000e+00,0.457031
28240,0.496964,0.423030,0.006313,0.067620,1.000000e+00,0.742188
28260,0.724510,0.670892,0.003146,0.050473,1.000000e+00,0.628906
28280,0.442429,0.410395,0.012706,0.019328,1.000000e+00,0.851562
28300,0.725854,0.656941,0.012535,0.056379,1.000000e+00,0.828125
28320,0.880600,0.418096,0.006596,0.455909,1.000000e+00,0.691406
28340,0.421900,0.400096,0.004628,0.017176,1.000000e+00,0.734375
28360,0.851200,0.461199,0.008758,0.381244,1.000000e+00,0.683594
28380,0.295272,0.274172,0.009430,0.011670,1.000000e+00,0.738281
28400,0.845515,0.794096,0.003262,0.048158,1.000000e+00,0.445312
28420,0.861511,0.565940,0.002254,0.293317,1.000000e+00,0.652344
28440,0.559656,0.327731,0.003876,0.228049,1.000000e+00,0.613281
28460,0.736316,0.567111,0.005703,0.163502,1.000000e+00,0.404297
28480,0.873737,0.860088,0.004082,0.009567,1.000000e+00,0.535156
28500,0.500048,0.462582,0.011047,0.026419,1.000000e+00,0.867188
28520,0.612834,0.304251,0.003152,0.305431,1.000000e+00,0.796875
28540,0.523392,0.464810,0.003572,0.055011,1.000000e+00,0.714844
28560,0.877000,0.663303,0.005788,0.207908,1.000000e+00,0.542969
28580,0.972475,0.689002,0.005874,0.277600,1.000000e+00,0.554688
28600,0.311688,0.213868,0.013063,0.084757,1.000000e+00,0.875000
28620,0.378229,0.345717,0.007634,0.024878,1.000000e+00,0.855469
28640,1.165449,1.092295,0.002880,0.070274,1.000000e+00,0.324219
28660,0.681626,0.410951,0.003989,0.266686,1.000000e+00,0.273438
28680,0.851926,0.641916,0.001809,0.208201,1.000000e+00,0.515625
28700,0.541429,0.167556,0.010743,0.363129,1.000000e+00,0.832031
28720,0.601885,0.363673,0.005029,0.233183,1.000000e+00,0.500000
28740,0.513666,0.489113,0.005824,0.018729,1.000000e+00,0.812500
28760,0.658175,0.234567,0.005254,0.418355,1.000000e+00,0.714844
28780,0.521217,0.286566,0.003413,0.231239,1.000000e+00,0.855469
28800,0.543586,0.192688,0.003162,0.347736,1.000000e+00,0.761719
28820,0.647312,0.498585,0.012102,0.136626,1.000000e+00,0.542969
28840,0.473709,0.444627,0.012108,0.016974,1.000000e+00,0.898438
28860,0.818736,0.796280,0.005630,0.016826,1.000000e+00,0.478516
28880,0.849354,0.811213,0.004647,0.033493,1.000000e+00,0.337891
28900,0.285636,0.203286,0.008755,0.073595,1.000000e+00,0.804688
28920,0.447993,0.433952,0.003719,0.010323,1.000000e+00,0.660156
28940,0.299033,0.279193,0.004177,0.015663,1.000000e+00,0.941406
28960,0.781028,0.434143,0.010452,0.336432,1.000000e+00,0.550781
28980,0.436265,0.240547,0.005788,0.189930,1.000000e+00,0.652344
29000,0.958008,0.675778,0.005132,0.277098,1.000000e+00,0.482422
29020,0.562521,0.234580,0.003362,0.324579,1.000000e+00,0.703125
29040,0.427296,0.237171,0.004370,0.185755,1.000000e+00,0.953125
29060,0.345018,0.318349,0.005550,0.021119,1.000000e+00,0.875000
29080,0.718961,0.333540,0.006208,0.379213,1.000000e+00,0.957031
29100,0.843125,0.368131,0.007239,0.467755,1.000000e+00,0.738281
29120,0.648013,0.586891,0.005649,0.055473,1.000000e+00,0.589844
29140,0.663925,0.370491,0.006463,0.286971,1.000000e+00,0.617188
29160,0.372020,0.344729,0.004612,0.022678,1.000000e+00,0.781250
29180,0.583926,0.319552,0.005358,0.259017,1.000000e+00,0.808594
29200,0.546782,0.372656,0.008473,0.165653,1.000000e+00,0.792969
29220,0.678413,0.646881,0.014062,0.017470,1.000000e+00,0.617188
29240,0.516255,0.513282,0.002444,0.000528,1.000000e+00,0.609375
29260,0.614220,0.590398,0.007598,0.016224,1.000000e+00,0.929688
29280,1.163980,1.146270,0.003495,0.014214,1.000000e+00,0.437500
29300,0.701484,0.681527,0.004236,0.015721,1.000000e+00,0.498047
29320,0.577445,0.522569,0.013279,0.041598,1.000000e+00,0.671875
29340,0.421063,0.118864,0.031290,0.270909,1.000000e+00,0.878906
29360,0.385316,0.332095,0.004779,0.048442,1.000000e+00,0.906250
29380,0.625407,0.552448,0.008979,0.063980,1.000000e+00,0.660156
29400,0.420172,0.340901,0.010981,0.068289,1.000000e+00,0.917969
29420,0.631516,0.410925,0.002867,0.217724,1.000000e+00,0.746094
29440,0.778286,0.766312,0.005433,0.006541,1.000000e+00,0.542969
29460,0.658860,0.608595,0.017324,0.032942,1.000000e+00,0.660156
29480,0.806472,0.546770,0.009327,0.250376,1.000000e+00,0.765625
29500,0.449214,0.203920,0.010502,0.234791,1.000000e+00,0.683594
29520,0.445681,0.427625,0.002968,0.015088,1.000000e+00,0.597656
29540,0.765421,0.686451,0.017702,0.061269,1.000000e+00,0.699219
29560,0.302104,0.279092,0.008994,0.014017,1.000000e+00,0.957031
29580,0.456000,0.283893,0.005461,0.166646,1.000000e+00,0.871094
29600,0.672964,0.462212,0.005591,0.205162,1.000000e+00,0.722656
29620,0.732278,0.417018,0.006446,0.308814,1.000000e+00,0.703125
29640,0.525734,0.496036,0.002757,0.026941,1.000000e+00,0.695312
29660,0.799276,0.409310,0.006347,0.383620,1.000000e+00,0.746094
29680,0.639890,0.378499,0.004066,0.257325,1.000000e+00,0.757812
29700,0.954450,0.921712,0.015375,0.017363,1.000000e+00,0.503906
29720,0.865825,0.827624,0.012545,0.025656,1.000000e+00,0.449219
29740,0.929420,0.687597,0.005286,0.236538,1.000000e+00,0.640625
29760,0.677424,0.653901,0.019197,0.004327,1.000000e+00,0.593750
29780,0.577908,0.530126,0.003301,0.044481,1.000000e+00,0.664062
29800,0.576227,0.571408,0.003331,0.001488,1.000000e+00,0.546875
29820,0.378455,0.363527,0.007401,0.007527,1.000000e+00,0.804688
29840,0.929658,0.906618,0.005134,0.017907,1.000000e+00,0.222656
29860,0.429536,0.404886,0.005208,0.019442,1.000000e+00,0.785156
29880,0.928459,0.649522,0.004409,0.274529,1.000000e+00,0.304688
29900,0.636768,0.350861,0.003603,0.282304,1.000000e+00,0.474609
29920,0.728519,0.707050,0.004016,0.017453,1.000000e+00,0.441406
29940,0.490292,0.136964,0.006258,0.347070,1.000000e+00,0.910156
29960,0.380045,0.340513,0.005469,0.034063,1.000000e+00,0.898438
29980,0.536990,0.520312,0.007542,0.009136,1.000000e+00,0.621094
30000,0.705922,0.352400,0.009114,0.344407,1.000000e+00,0.527344
30020,0.439234,0.418714,0.011810,0.008710,1.000000e+00,0.800781
30040,0.392815,0.341272,0.007720,0.043823,1.000000e+00,0.894531
30060,0.362620,0.356183,0.002362,0.004074,1.000000e+00,0.671875
30080,0.822185,0.670355,0.007461,0.144369,1.000000e+00,0.933594
30100,0.407138,0.323406,0.005810,0.077923,1.000000e+00,0.796875
30120,0.422738,0.259027,0.006692,0.157019,1.000000e+00,0.824219
30140,0.359003,0.331688,0.013946,0.013369,1.000000e+00,0.929688
30160,0.388597,0.361679,0.003291,0.023626,1.000000e+00,0.695312
30180,0.314492,0.200685,0.003004,0.110804,1.000000e+00,0.628906
30200,0.576673,0.312894,0.012719,0.251060,1.000000e+00,0.941406
30220,0.906262,0.900712,0.002682,0.002868,1.000000e+00,0.248047
30240,0.499052,0.204775,0.003919,0.290358,1.000000e+00,0.875000
30260,0.459734,0.435037,0.004633,0.020064,1.000000e+00,0.769531
30280,0.295253,0.280420,0.006226,0.008607,1.000000e+00,0.925781
30300,0.414907,0.313185,0.016642,0.085080,1.000000e+00,0.777344
30320,0.282225,0.130188,0.001988,0.150049,1.000000e+00,0.863281
30340,0.483209,0.471761,0.004285,0.007162,1.000000e+00,0.687500
30360,0.464940,0.460755,0.002866,0.001320,1.000000e+00,0.664062
30380,0.972971,0.906146,0.009598,0.057226,1.000000e+00,0.408203
30400,0.992720,0.872540,0.002137,0.118043,1.000000e+00,0.388672
30420,0.546027,0.526957,0.009009,0.010060,1.000000e+00,0.703125
30440,0.602258,0.314518,0.004260,0.283480,1.000000e+00,0.765625
30460,0.389582,0.343706,0.019679,0.026196,1.000000e+00,0.929688
30480,0.683056,0.652152,0.018990,0.011914,1.000000e+00,0.644531
30500,0.292314,0.244567,0.006593,0.041153,1.000000e+00,0.949219
30520,0.378617,0.346984,0.007255,0.024378,1.000000e+00,0.769531
30540,0.393437,0.361986,0.010499,0.020951,1.000000e+00,0.804688
30560,0.564092,0.267701,0.003914,0.292477,1.000000e+00,0.777344
30580,0.747975,0.738401,0.002940,0.006634,1.000000e+00,0.182617
30600,0.474065,0.452020,0.004370,0.017676,1.000000e+00,0.652344
30620,0.777165,0.391339,0.010411,0.375415,1.000000e+00,0.781250
30640,0.360078,0.278053,0.004225,0.077801,1.000000e+00,0.753906
30660,0.581490,0.502881,0.009418,0.069192,1.000000e+00,0.539062
30680,0.516376,0.295623,0.008703,0.212050,1.000000e+00,0.867188
30700,0.560286,0.125676,0.002948,0.431662,1.000000e+00,0.941406
30720,1.020551,1.010761,0.004975,0.004815,1.000000e+00,0.406250
30740,0.581380,0.333099,0.005982,0.242299,1.000000e+00,0.980469
30760,0.227455,0.209900,0.004034,0.013521,1.000000e+00,0.812500
30780,0.635869,0.568224,0.018395,0.049250,1.000000e+00,0.490234
30800,0.758719,0.433471,0.003610,0.321638,1.000000e+00,0.742188
30820,0.326779,0.119050,0.006590,0.201139,1.000000e+00,0.917969
30840,0.596819,0.310262,0.021306,0.265250,1.000000e+00,0.976562
30860,0.487242,0.289110,0.003306,0.194826,1.000000e+00,0.878906
30880,0.711798,0.652336,0.008515,0.050948,1.000000e+00,0.511719
30900,0.474704,0.182598,0.003246,0.288859,1.000000e+00,0.921875
30920,0.304275,0.204489,0.031841,0.067946,1.000000e+00,0.695312
30940,0.329035,0.265588,0.003296,0.060151,1.000000e+00,0.839844
30960,0.835047,0.313250,0.006462,0.515335,1.000000e+00,0.867188
30980,0.433439,0.423918,0.003064,0.006456,1.000000e+00,0.582031
31000,0.512369,0.401595,0.006211,0.104563,1.000000e+00,0.964844
31020,0.679150,0.297526,0.005003,0.376622,1.000000e+00,0.855469
31040,0.393595,0.344082,0.011383,0.038130,1.000000e+00,0.859375
31060,0.566487,0.349705,0.003695,0.213087,1.000000e+00,0.800781
31080,0.966640,0.929076,0.012539,0.025024,1.000000e+00,0.474609
31100,1.004434,0.943778,0.042014,0.018643,1.000000e+00,0.500000
31120,0.582345,0.299459,0.004500,0.278386,1.000000e+00,0.613281
31140,0.295391,0.270689,0.012252,0.012450,1.000000e+00,0.941406
31160,0.953122,0.378597,0.003939,0.570586,1.000000e+00,0.601562
31180,0.489374,0.457250,0.008488,0.023637,1.000000e+00,0.800781
31200,0.737507,0.321532,0.006417,0.409558,1.000000e+00,0.800781
31220,0.694204,0.433786,0.003079,0.257339,1.000000e+00,0.558594
31240,1.145919,1.013338,0.003965,0.128616,1.000000e+00,0.394531
31260,1.008014,0.996814,0.007617,0.003583,1.000000e+00,0.761719
31280,0.648278,0.496226,0.007526,0.144526,1.000000e+00,0.957031
31300,1.028089,0.971327,0.012334,0.044428,1.000000e+00,0.345703
31320,0.782047,0.618366,0.014575,0.149105,1.000000e+00,0.593750
31340,0.485761,0.447091,0.011579,0.027091,1.000000e+00,0.800781
31360,0.604128,0.373649,0.022230,0.208248,1.000000e+00,0.917969
31380,0.467256,0.397476,0.008779,0.061000,1.000000e+00,0.898438
31400,0.299230,0.263074,0.010781,0.025375,1.000000e+00,0.953125
31420,0.631337,0.608329,0.003350,0.019658,1.000000e+00,0.585938
31440,0.641411,0.299981,0.006275,0.335155,1.000000e+00,0.628906
31460,0.563426,0.535959,0.006342,0.021125,1.000000e+00,0.714844
31480,0.653449,0.570121,0.003817,0.079511,1.000000e+00,0.562500
31500,0.483406,0.287491,0.006666,0.189248,1.000000e+00,0.960938
31520,0.679027,0.661157,0.005398,0.012471,1.000000e+00,0.679688
31540,0.718064,0.681691,0.003210,0.033163,1.000000e+00,0.546875
31560,0.559010,0.330280,0.007183,0.221547,1.000000e+00,0.843750
31580,0.415199,0.363185,0.007819,0.044195,1.000000e+00,0.851562
31600,0.562637,0.500975,0.011267,0.050396,1.000000e+00,0.699219
31620,0.579142,0.187940,0.005005,0.386197,1.000000e+00,0.882812
31640,0.971606,0.665522,0.004966,0.301118,1.000000e+00,0.421875
31660,0.515628,0.468616,0.003066,0.043947,1.000000e+00,0.496094
31680,0.415793,0.369953,0.006857,0.038982,1.000000e+00,0.855469
31700,0.492824,0.330874,0.015262,0.146688,1.000000e+00,0.785156
31720,0.745892,0.712503,0.015134,0.018254,1.000000e+00,0.687500
31740,0.363364,0.344809,0.004821,0.013734,1.000000e+00,0.746094
31760,0.500569,0.369999,0.002231,0.128339,1.000000e+00,0.867188
31780,0.693124,0.380360,0.004412,0.308351,1.000000e+00,0.451172
31800,1.125956,1.102786,0.009408,0.013763,1.000000e+00,0.503906
31820,0.681412,0.655938,0.006640,0.018834,1.000000e+00,0.640625
31840,0.301912,0.293276,0.002633,0.006002,1.000000e+00,0.933594
31860,0.941549,0.896502,0.009295,0.035752,1.000000e+00,0.392578
31880,0.544751,0.316058,0.008999,0.219694,1.000000e+00,0.847656
31900,0.527621,0.469535,0.001910,0.056176,1.000000e+00,0.582031
31920,0.418808,0.349098,0.013972,0.055737,1.000000e+00,0.863281
31940,0.453397,0.419492,0.013287,0.020618,1.000000e+00,0.675781
31960,0.705672,0.660665,0.005527,0.039479,1.000000e+00,0.656250
31980,0.443223,0.426397,0.008303,0.008523,1.000000e+00,0.777344
32000,0.663726,0.273797,0.003878,0.386050,1.000000e+00,0.457031
32020,0.651172,0.436883,0.007434,0.206855,1.000000e+00,0.558594
32040,0.325321,0.284741,0.007322,0.033258,1.000000e+00,0.933594
32060,0.849980,0.822262,0.004241,0.023478,1.000000e+00,0.453125
32080,0.509795,0.472220,0.020363,0.017212,1.000000e+00,0.949219
32100,0.767788,0.732199,0.004230,0.031359,1.000000e+00,0.632812
32120,0.643366,0.596480,0.003863,0.043022,1.000000e+00,0.507812
32140,0.704050,0.482503,0.004928,0.216619,1.000000e+00,0.314453
32160,0.389934,0.379554,0.005025,0.005355,1.000000e+00,0.855469
32180,0.502125,0.218829,0.006610,0.276685,1.000000e+00,0.820312
32200,0.394302,0.355642,0.008231,0.030428,1.000000e+00,0.898438
32220,0.789973,0.342733,0.007886,0.439353,1.000000e+00,0.906250
32240,0.778885,0.761086,0.002623,0.015177,1.000000e+00,0.515625
32260,0.422563,0.397832,0.006866,0.017866,1.000000e+00,0.781250
32280,0.821738,0.363976,0.011426,0.446337,1.000000e+00,0.769531
32300,0.902600,0.845587,0.003862,0.053151,1.000000e+00,0.322266
32320,0.338388,0.301124,0.005161,0.032104,1.000000e+00,0.734375
32340,0.536663,0.526936,0.003240,0.006487,1.000000e+00,0.519531
32360,0.343573,0.299992,0.002850,0.040730,1.000000e+00,0.964844
32380,0.903651,0.853669,0.008295,0.041687,1.000000e+00,0.531250
32400,0.774393,0.753371,0.003754,0.017269,1.000000e+00,0.453125
32420,0.634437,0.398350,0.005942,0.230145,1.000000e+00,0.753906
32440,0.891747,0.849634,0.009727,0.032385,1.000000e+00,0.835938
32460,0.497080,0.481949,0.005102,0.010029,1.000000e+00,0.562500
32480,0.480290,0.434115,0.003961,0.042213,1.000000e+00,0.328125
32500,0.712313,0.413163,0.005026,0.294124,1.000000e+00,0.419922
32520,0.892877,0.539029,0.007702,0.346146,1.000000e+00,0.640625
32540,1.055859,1.019698,0.004002,0.032160,1.000000e+00,0.239258
32560,0.733178,0.463542,0.003705,0.265931,1.000000e+00,0.703125
32580,0.314402,0.199070,0.005180,0.110153,1.000000e+00,0.863281
32600,0.682953,0.541899,0.004321,0.136734,1.000000e+00,0.601562
32620,1.222119,1.197622,0.005596,0.018900,1.000000e+00,0.652344
32640,0.579814,0.530347,0.012314,0.037153,1.000000e+00,0.734375
32660,0.754396,0.743315,0.006771,0.004310,1.000000e+00,0.804688
32680,0.454605,0.242530,0.048300,0.163775,1.000000e+00,0.949219
32700,0.266155,0.244442,0.002352,0.019362,1.000000e+00,0.859375
32720,0.396951,0.337278,0.011058,0.048615,1.000000e+00,0.957031
32740,0.724846,0.506148,0.002816,0.215882,1.000000e+00,0.652344
32760,0.663226,0.525769,0.004328,0.133129,1.000000e+00,0.691406
32780,0.275533,0.256730,0.004314,0.014489,1.000000e+00,0.914062
32800,0.499225,0.445505,0.011967,0.041752,1.000000e+00,0.699219
32820,0.833936,0.310179,0.004302,0.519455,1.000000e+00,0.121094
32840,0.227111,0.212833,0.002630,0.011648,1.000000e+00,0.941406
32860,0.815965,0.802772,0.007165,0.006029,1.000000e+00,0.468750
32880,0.769816,0.389097,0.006884,0.373835,1.000000e+00,0.789062
32900,0.375422,0.248726,0.006929,0.119767,1.000000e+00,0.718750
32920,0.373663,0.189033,0.002849,0.181781,1.000000e+00,0.746094
32940,0.614018,0.427815,0.004380,0.181823,1.000000e+00,0.773438
32960,0.678355,0.292738,0.007960,0.377656,1.000000e+00,0.957031
32980,0.822109,0.771099,0.021351,0.029659,1.000000e+00,0.578125
33000,0.640880,0.436010,0.005397,0.199473,1.000000e+00,0.683594
33020,0.951024,0.905789,0.006427,0.038808,1.000000e+00,0.550781
33040,0.804408,0.449869,0.004111,0.350427,1.000000e+00,0.425781
33060,0.622684,0.176983,0.006878,0.438823,1.000000e+00,0.960938
33080,0.578820,0.258203,0.003895,0.316721,1.000000e+00,0.785156
33100,1.098720,0.855803,0.006248,0.236669,1.000000e+00,0.347656
33120,0.444555,0.371922,0.011071,0.061562,1.000000e+00,0.847656
33140,0.256509,0.245166,0.007005,0.004338,1.000000e+00,0.843750
33160,0.670364,0.313205,0.007107,0.350052,1.000000e+00,0.503906
33180,0.380870,0.360055,0.003956,0.016859,1.000000e+00,0.761719
33200,0.795493,0.502950,0.005636,0.286907,1.000000e+00,0.558594
33220,0.674892,0.485683,0.003455,0.185753,1.000000e+00,0.679688
33240,0.704538,0.675530,0.003740,0.025268,1.000000e+00,0.382812
33260,0.699076,0.344370,0.002460,0.352246,1.000000e+00,0.777344
33280,0.627527,0.352297,0.004990,0.270240,1.000000e+00,0.562500
33300,0.578181,0.548086,0.006334,0.023761,1.000000e+00,0.609375
33320,0.605359,0.522016,0.007470,0.075873,1.000000e+00,0.664062
33340,0.530108,0.436107,0.037922,0.056080,1.000000e+00,0.710938
33360,0.428825,0.375551,0.002800,0.050475,1.000000e+00,0.738281
33380,0.572072,0.330280,0.003433,0.238358,1.000000e+00,0.511719
33400,0.587556,0.549418,0.008530,0.029608,1.000000e+00,0.667969
33420,0.542105,0.497149,0.006457,0.038499,1.000000e+00,0.675781
33440,0.657347,0.502484,0.002608,0.152255,1.000000e+00,0.808594
33460,0.419858,0.354649,0.004331,0.060878,1.000000e+00,0.832031
33480,0.583624,0.254235,0.006123,0.323267,1.000000e+00,0.816406
33500,0.430262,0.306498,0.037385,0.086379,1.000000e+00,0.839844
33520,0.951655,0.899792,0.004823,0.047040,1.000000e+00,0.582031
33540,0.872762,0.357507,0.003996,0.511259,1.000000e+00,0.691406
33560,0.846278,0.618399,0.008252,0.219627,1.000000e+00,0.300781
33580,0.830094,0.444103,0.009463,0.376527,1.000000e+00,0.478516
33600,0.618525,0.517545,0.016148,0.084832,1.000000e+00,0.968750
33620,0.427670,0.183690,0.004563,0.239416,1.000000e+00,0.652344
33640,0.517509,0.484081,0.016550,0.016878,1.000000e+00,0.890625
33660,0.824855,0.572054,0.044044,0.208756,1.000000e+00,0.898438
33680,0.770414,0.553841,0.003820,0.212753,1.000000e+00,0.562500
33700,0.365727,0.296451,0.010591,0.058684,1.000000e+00,0.949219
33720,0.351230,0.309763,0.005351,0.036115,1.000000e+00,0.941406
33740,0.606737,0.479069,0.007432,0.120236,1.000000e+00,0.570312
33760,0.757738,0.681303,0.007972,0.068463,1.000000e+00,0.494141
33780,0.611290,0.546750,0.006411,0.058129,1.000000e+00,0.882812
33800,0.472570,0.462795,0.000824,0.008951,1.000000e+00,0.753906
33820,0.430245,0.394099,0.005511,0.030636,1.000000e+00,0.679688
33840,1.058946,0.900511,0.009869,0.148566,1.000000e+00,0.269531
33860,0.383357,0.182847,0.010725,0.189785,1.000000e+00,0.847656
33880,0.339278,0.319947,0.005435,0.013897,1.000000e+00,0.957031
33900,0.761366,0.281357,0.006333,0.473676,1.000000e+00,0.734375
33920,0.729437,0.624287,0.029139,0.076011,1.000000e+00,0.734375
33940,0.825426,0.501410,0.034930,0.289086,1.000000e+00,0.921875
33960,0.312821,0.307160,0.003530,0.002132,1.000000e+00,0.726562
33980,0.503296,0.174319,0.008081,0.320896,1.000000e+00,0.851562
34000,0.683073,0.271461,0.011226,0.400386,1.000000e+00,0.925781
34020,0.535790,0.500538,0.005579,0.029673,1.000000e+00,0.738281
34040,0.632026,0.460218,0.004165,0.167643,1.000000e+00,0.326172
34060,0.442531,0.382522,0.005019,0.054990,1.000000e+00,0.714844
34080,0.733620,0.708786,0.010451,0.014383,1.000000e+00,0.490234
34100,0.420276,0.324318,0.005015,0.090943,1.000000e+00,0.589844
34120,0.284178,0.267379,0.003643,0.013156,1.000000e+00,0.906250
34140,0.715680,0.554065,0.005773,0.155841,1.000000e+00,0.593750
34160,0.248909,0.222441,0.002348,0.024120,1.000000e+00,0.625000
34180,0.401613,0.170629,0.003409,0.227576,1.000000e+00,0.886719
34200,0.467647,0.429430,0.004983,0.033234,1.000000e+00,0.808594
34220,0.877102,0.623461,0.003958,0.249683,1.000000e+00,0.578125
34240,0.512125,0.217508,0.003874,0.290744,1.000000e+00,0.667969
34260,0.341336,0.322689,0.009423,0.009223,1.000000e+00,0.824219
34280,0.636936,0.626598,0.005795,0.004543,1.000000e+00,0.742188
34300,0.591869,0.580741,0.004178,0.006950,1.000000e+00,0.683594
34320,0.638985,0.598837,0.004873,0.035275,1.000000e+00,0.656250
34340,0.833796,0.695350,0.007592,0.130854,1.000000e+00,0.523438
34360,0.766630,0.721433,0.008657,0.036540,1.000000e+00,0.437500
34380,0.841740,0.257301,0.010102,0.574338,1.000000e+00,0.742188
34400,0.966678,0.947209,0.005627,0.013843,1.000000e+00,0.617188
34420,0.292686,0.135373,0.006870,0.150443,1.000000e+00,0.835938
34440,0.871146,0.733256,0.005485,0.132405,1.000000e+00,0.625000
34460,0.285751,0.159992,0.006397,0.119362,1.000000e+00,0.769531
34480,0.730593,0.464023,0.005553,0.261016,1.000000e+00,0.714844
34500,0.466389,0.428115,0.004320,0.033954,1.000000e+00,0.636719
34520,0.818216,0.294522,0.007098,0.516595,1.000000e+00,0.511719
34540,0.659500,0.397060,0.013669,0.248771,1.000000e+00,0.714844
34560,0.600051,0.316610,0.011559,0.271882,1.000000e+00,0.863281
34580,0.680138,0.359570,0.005961,0.314607,1.000000e+00,0.761719
34600,0.746534,0.722796,0.007286,0.016451,1.000000e+00,0.554688
34620,0.531719,0.511396,0.008679,0.011643,1.000000e+00,0.789062
34640,0.336012,0.323620,0.002392,0.010001,1.000000e+00,0.777344
34660,0.726389,0.427362,0.008540,0.290487,1.000000e+00,0.691406
34680,0.600685,0.577145,0.009889,0.013651,1.000000e+00,0.554688
34700,0.618155,0.176246,0.009293,0.432615,1.000000e+00,0.968750
34720,0.458190,0.362005,0.013667,0.082519,1.000000e+00,0.726562
34740,0.465941,0.313850,0.003251,0.148840,1.000000e+00,0.878906
34760,0.554159,0.544952,0.005727,0.003480,1.000000e+00,0.546875
34780,0.443469,0.398025,0.006293,0.039152,1.000000e+00,0.921875
34800,0.485621,0.442682,0.018230,0.024709,1.000000e+00,0.777344
34820,0.704798,0.330185,0.006655,0.367957,1.000000e+00,0.695312
34840,1.009158,0.885042,0.010024,0.114092,1.000000e+00,0.507812
34860,0.598324,0.157423,0.005527,0.435373,1.000000e+00,0.917969
34880,0.455657,0.415320,0.020927,0.019410,1.000000e+00,0.894531
34900,0.738235,0.426508,0.007193,0.304533,1.000000e+00,0.734375
34920,0.611193,0.397719,0.006390,0.207084,1.000000e+00,0.695312
34940,0.584834,0.572116,0.002692,0.010027,1.000000e+00,0.761719
34960,0.625592,0.590482,0.011845,0.023265,1.000000e+00,0.726562
34980,0.673288,0.303025,0.008655,0.361608,1.000000e+00,0.785156
35000,0.507550,0.315722,0.003029,0.188799,1.000000e+00,0.972656
35020,0.942913,0.784222,0.003015,0.155676,1.000000e+00,0.112793
35040,0.581585,0.442519,0.004871,0.134195,1.000000e+00,0.753906
35060,0.614428,0.366962,0.006769,0.240698,1.000000e+00,0.640625
35080,0.902872,0.706634,0.003361,0.192877,1.000000e+00,0.554688
35100,0.801818,0.771626,0.007037,0.023154,1.000000e+00,0.542969
35120,0.394024,0.358853,0.007458,0.027714,1.000000e+00,0.781250
35140,0.498821,0.485524,0.004410,0.008887,1.000000e+00,0.769531
35160,0.482187,0.226780,0.002763,0.252644,1.000000e+00,0.585938
35180,0.610237,0.342059,0.005902,0.262276,1.000000e+00,0.828125
35200,0.594858,0.364335,0.005508,0.225015,1.000000e+00,0.730469
35220,0.982480,0.962435,0.006967,0.013079,1.000000e+00,0.277344
35240,0.321803,0.261762,0.018769,0.041272,1.000000e+00,0.679688
35260,0.595479,0.561269,0.028686,0.005524,1.000000e+00,0.835938
35280,0.522738,0.493972,0.007410,0.021356,1.000000e+00,0.671875
35300,0.557075,0.215249,0.006474,0.335352,1.000000e+00,0.750000
35320,0.566548,0.551211,0.008776,0.006561,1.000000e+00,0.730469
35340,0.732382,0.311859,0.007891,0.412632,1.000000e+00,0.679688
35360,1.189743,1.161820,0.004811,0.023112,1.000000e+00,0.273438
35380,0.812735,0.506772,0.008400,0.297563,1.000000e+00,0.753906
35400,0.762348,0.525105,0.003589,0.233654,1.000000e+00,0.515625
35420,0.755995,0.318210,0.003913,0.433872,1.000000e+00,0.691406
35440,0.229655,0.184504,0.004250,0.040900,1.000000e+00,0.957031
35460,0.286670,0.230271,0.002548,0.053850,1.000000e+00,0.941406
35480,1.177527,1.146992,0.008166,0.022369,1.000000e+00,0.242188
35500,0.388190,0.360805,0.017664,0.009722,1.000000e+00,0.875000
35520,0.610759,0.227309,0.005656,0.377794,1.000000e+00,0.578125
35540,0.910578,0.642905,0.008758,0.258916,1.000000e+00,0.546875
35560,0.476755,0.429065,0.004054,0.043637,1.000000e+00,0.796875
35580,0.575904,0.256415,0.007749,0.311741,1.000000e+00,0.792969
35600,0.413339,0.196534,0.003873,0.212932,1.000000e+00,0.863281
35620,0.503228,0.458514,0.018817,0.025897,1.000000e+00,0.699219
35640,0.950156,0.672960,0.005212,0.271985,1.000000e+00,0.351562
35660,0.318957,0.296605,0.006111,0.016240,1.000000e+00,0.917969
35680,0.401750,0.203899,0.003963,0.193889,1.000000e+00,0.843750
35700,0.352049,0.332463,0.004430,0.015157,1.000000e+00,0.800781
35720,0.307374,0.273703,0.006791,0.026880,1.000000e+00,0.949219
35740,0.991966,0.715748,0.006875,0.269344,1.000000e+00,0.515625
35760,0.649201,0.623812,0.008062,0.017326,1.000000e+00,0.597656
35780,0.467886,0.244132,0.007818,0.215935,1.000000e+00,0.792969
35800,0.570950,0.191450,0.025277,0.354223,1.000000e+00,0.804688
35820,0.812825,0.791694,0.008042,0.013089,1.000000e+00,0.597656
35840,0.777890,0.737111,0.006092,0.034688,1.000000e+00,0.306641
35860,0.895382,0.766066,0.010999,0.118317,1.000000e+00,0.306641
35880,0.554239,0.225479,0.007271,0.321490,1.000000e+00,0.773438
35900,0.686008,0.610313,0.009079,0.066615,1.000000e+00,0.507812
35920,0.889807,0.534647,0.013445,0.341716,1.000000e+00,0.302734
35940,0.351549,0.340431,0.006663,0.004455,1.000000e+00,0.925781
35960,0.513912,0.454121,0.006464,0.053327,1.000000e+00,0.613281
35980,0.371976,0.353170,0.010057,0.008749,1.000000e+00,0.929688
36000,0.364556,0.345320,0.006584,0.012652,1.000000e+00,0.882812
36020,0.822524,0.565060,0.005349,0.252114,1.000000e+00,0.087402
36040,0.480841,0.238606,0.004236,0.237998,1.000000e+00,0.628906
36060,0.675584,0.418934,0.001915,0.254735,1.000000e+00,0.707031
36080,0.501649,0.474281,0.016696,0.010672,1.000000e+00,0.675781
36100,0.527877,0.172275,0.004915,0.350687,1.000000e+00,0.828125
36120,0.810187,0.666227,0.003288,0.140672,1.000000e+00,0.320312
36140,0.454184,0.304409,0.002286,0.147490,1.000000e+00,0.949219
36160,0.490423,0.428850,0.006602,0.054971,1.000000e+00,0.726562
36180,0.363635,0.350521,0.004088,0.009026,1.000000e+00,0.843750
36200,0.861177,0.819533,0.007800,0.033844,1.000000e+00,0.148438
36220,0.704326,0.456460,0.009022,0.238844,1.000000e+00,0.351562
36240,0.681936,0.200164,0.004887,0.476884,1.000000e+00,0.726562
36260,0.493493,0.476718,0.005555,0.011220,1.000000e+00,0.660156
36280,0.434171,0.325747,0.003110,0.105313,1.000000e+00,0.718750
36300,0.376777,0.372997,0.003461,0.000318,1.000000e+00,0.753906
36320,0.403035,0.313021,0.007051,0.082963,1.000000e+00,0.878906
36340,0.770386,0.397148,0.006328,0.366909,1.000000e+00,0.796875
36360,0.616716,0.187647,0.004879,0.424190,1.000000e+00,0.921875
36380,0.614654,0.569373,0.015519,0.029762,1.000000e+00,0.636719
36400,0.433498,0.431180,0.002311,0.000008,1.000000e+00,0.667969
36420,0.901986,0.858165,0.013572,0.030249,1.000000e+00,0.515625
36440,0.798600,0.737399,0.005019,0.056183,1.000000e+00,0.585938
36460,0.600960,0.572627,0.003730,0.024603,1.000000e+00,0.691406
36480,1.155815,0.900896,0.004677,0.250241,1.000000e+00,0.332031
36500,0.681811,0.596434,0.003384,0.081993,1.000000e+00,0.640625
36520,0.422165,0.267135,0.005132,0.149898,1.000000e+00,0.621094
36540,0.761866,0.741583,0.005736,0.014547,1.000000e+00,0.617188
36560,0.916861,0.904125,0.005242,0.007494,1.000000e+00,0.542969
36580,1.040414,1.015410,0.004240,0.020763,1.000000e+00,0.351562
36600,0.429215,0.413189,0.004032,0.011993,1.000000e+00,0.773438
36620,0.323236,0.285903,0.005237,0.032096,1.000000e+00,0.902344
36640,0.505192,0.243108,0.028719,0.233365,1.000000e+00,0.730469
36660,0.505706,0.490360,0.005691,0.009655,1.000000e+00,0.695312
36680,0.793230,0.771856,0.008788,0.012586,1.000000e+00,0.703125
36700,0.469413,0.432287,0.009695,0.027430,1.000000e+00,0.871094
36720,0.573728,0.562299,0.009903,0.001526,1.000000e+00,0.496094
36740,0.768652,0.439231,0.006935,0.322486,1.000000e+00,0.710938
36760,1.091755,0.601190,0.008556,0.482008,1.000000e+00,0.263672
36780,0.419230,0.392854,0.004478,0.021898,1.000000e+00,0.824219
36800,0.399639,0.330794,0.006985,0.061860,1.000000e+00,0.816406
36820,0.338209,0.329785,0.005873,0.002550,1.000000e+00,0.765625
36840,0.764218,0.695803,0.006377,0.062038,1.000000e+00,0.589844
36860,0.411053,0.196616,0.004298,0.210138,1.000000e+00,0.914062
36880,0.548079,0.530779,0.003545,0.013755,1.000000e+00,0.804688
36900,0.542577,0.511724,0.006454,0.024399,1.000000e+00,0.570312
36920,0.484419,0.406057,0.014859,0.063503,1.000000e+00,0.785156
36940,0.410724,0.366548,0.012135,0.032041,1.000000e+00,0.800781
36960,0.723205,0.463747,0.004997,0.254460,1.000000e+00,0.691406
36980,1.211269,1.195935,0.004758,0.010577,1.000000e+00,0.158203
37000,0.582704,0.565172,0.002354,0.015178,1.000000e+00,0.656250
37020,0.787811,0.380203,0.016085,0.391522,1.000000e+00,0.914062
37040,0.530102,0.364434,0.003418,0.162251,1.000000e+00,0.750000
37060,0.335991,0.288892,0.004949,0.042150,1.000000e+00,0.929688
37080,0.558685,0.269987,0.006111,0.282586,1.000000e+00,0.921875
37100,0.518616,0.490169,0.005969,0.022478,1.000000e+00,0.816406
37120,0.319983,0.305770,0.013133,0.001079,1.000000e+00,0.921875
37140,0.505934,0.475651,0.009949,0.020333,1.000000e+00,0.578125
37160,0.668394,0.503989,0.002731,0.161675,1.000000e+00,0.675781
37180,0.323440,0.148419,0.007379,0.167642,1.000000e+00,0.894531
37200,0.494770,0.356487,0.005303,0.132979,1.000000e+00,0.613281
37220,0.690288,0.668053,0.003212,0.019023,1.000000e+00,0.519531
37240,0.741086,0.265415,0.005277,0.470394,1.000000e+00,0.781250
37260,0.582813,0.558830,0.006238,0.017745,1.000000e+00,0.667969
37280,1.040070,1.020919,0.005060,0.014091,1.000000e+00,0.539062
37300,0.861980,0.840349,0.003930,0.017701,1.000000e+00,0.423828
37320,0.360065,0.311659,0.001722,0.046684,1.000000e+00,0.835938
37340,0.713708,0.525691,0.002055,0.185962,1.000000e+00,0.660156
37360,0.380497,0.350927,0.012387,0.017183,1.000000e+00,0.761719
37380,0.593697,0.299537,0.004530,0.289630,1.000000e+00,0.832031
37400,0.408096,0.391705,0.002996,0.013395,1.000000e+00,0.816406
37420,0.351537,0.335990,0.003751,0.011796,1.000000e+00,0.498047
37440,0.738300,0.279409,0.007360,0.451530,1.000000e+00,0.863281
37460,0.487430,0.463622,0.007831,0.015978,1.000000e+00,0.730469
37480,1.098418,0.974540,0.005094,0.118784,1.000000e+00,0.488281
37500,0.496787,0.469828,0.006294,0.020666,1.000000e+00,0.753906
37520,0.808053,0.460547,0.004030,0.343475,1.000000e+00,0.632812
37540,0.354464,0.333531,0.009284,0.011649,1.000000e+00,0.820312
37560,0.596361,0.258734,0.005106,0.332521,1.000000e+00,0.699219
37580,0.642357,0.392024,0.005961,0.244372,1.000000e+00,0.683594
37600,1.099593,0.792283,0.005573,0.301737,1.000000e+00,0.345703
37620,0.525021,0.304426,0.005233,0.215362,1.000000e+00,0.914062
37640,0.891097,0.871508,0.004808,0.014780,1.000000e+00,0.332031
37660,0.512421,0.499546,0.003974,0.008901,1.000000e+00,0.439453
37680,0.693568,0.329293,0.004753,0.359522,1.000000e+00,0.851562
37700,0.843320,0.320945,0.006048,0.516326,1.000000e+00,0.753906
37720,0.904800,0.865800,0.017804,0.021195,1.000000e+00,0.535156
37740,0.859881,0.557462,0.003490,0.298928,1.000000e+00,0.609375
37760,0.556180,0.261412,0.007393,0.287375,1.000000e+00,0.785156
37780,0.589667,0.577948,0.004911,0.006808,1.000000e+00,0.847656
37800,0.254642,0.239841,0.001560,0.013240,1.000000e+00,0.933594
37820,0.869658,0.859528,0.002135,0.007994,1.000000e+00,0.445312
37840,0.523436,0.268763,0.004130,0.250543,1.000000e+00,0.906250
37860,0.976056,0.921667,0.006126,0.048263,1.000000e+00,0.363281
37880,0.387292,0.186654,0.006079,0.194559,1.000000e+00,0.863281
37900,0.772978,0.744083,0.008073,0.020822,1.000000e+00,0.300781
37920,0.668888,0.613059,0.006002,0.049827,1.000000e+00,0.617188
37940,0.682787,0.442435,0.011725,0.228627,1.000000e+00,0.667969
37960,0.293353,0.251456,0.007460,0.034437,1.000000e+00,0.941406
37980,0.991042,0.746127,0.006325,0.238590,1.000000e+00,0.318359
38000,0.411825,0.392488,0.007700,0.011637,1.000000e+00,0.941406
38020,0.397873,0.233262,0.020990,0.143621,1.000000e+00,0.953125
38040,0.433505,0.418265,0.006234,0.009006,1.000000e+00,0.867188
38060,0.464641,0.401193,0.027616,0.035833,1.000000e+00,0.949219
38080,0.597967,0.281286,0.008858,0.307823,1.000000e+00,0.929688
38100,1.022965,0.733491,0.005037,0.284437,1.000000e+00,0.369141
38120,0.525461,0.461629,0.010221,0.053611,1.000000e+00,0.843750
38140,0.604384,0.147458,0.009549,0.447378,1.000000e+00,0.980469
38160,0.517050,0.487844,0.014893,0.014314,1.000000e+00,0.746094
38180,0.303129,0.275658,0.006214,0.021256,1.000000e+00,0.937500
38200,0.535954,0.408148,0.006669,0.121137,1.000000e+00,0.941406
38220,0.451900,0.424026,0.003455,0.024419,1.000000e+00,0.773438
38240,0.646440,0.612191,0.017882,0.016367,1.000000e+00,0.636719
38260,0.805601,0.398793,0.007326,0.399481,1.000000e+00,0.574219
38280,0.621628,0.326056,0.003438,0.292134,1.000000e+00,0.820312
38300,0.524981,0.261754,0.003612,0.259616,1.000000e+00,0.781250
38320,0.562750,0.549780,0.006314,0.006656,1.000000e+00,0.667969
38340,0.462115,0.430423,0.005291,0.026400,1.000000e+00,0.820312
38360,0.730303,0.326869,0.004816,0.398617,1.000000e+00,0.781250
38380,0.370270,0.361113,0.005481,0.003677,1.000000e+00,0.906250
38400,0.475171,0.408001,0.010261,0.056910,1.000000e+00,0.789062
38420,0.292821,0.273060,0.002330,0.017430,1.000000e+00,0.828125
38440,0.895243,0.456134,0.008043,0.431067,1.000000e+00,0.490234
38460,0.485992,0.430622,0.030682,0.024689,1.000000e+00,0.828125
38480,0.626742,0.600936,0.005080,0.020726,1.000000e+00,0.675781
38500,0.530779,0.444654,0.008675,0.077451,1.000000e+00,0.746094
38520,0.668842,0.637606,0.009235,0.022002,1.000000e+00,0.613281
38540,0.332425,0.295126,0.004805,0.032495,1.000000e+00,0.914062
38560,0.881850,0.848728,0.010821,0.022302,1.000000e+00,0.574219
38580,0.409539,0.226546,0.021085,0.161909,1.000000e+00,0.929688
38600,0.691687,0.330625,0.006620,0.354442,1.000000e+00,0.843750
38620,0.714433,0.644763,0.009845,0.059825,1.000000e+00,0.492188
38640,0.263622,0.116523,0.001560,0.145539,1.000000e+00,0.820312
38660,0.505805,0.480577,0.010623,0.014605,1.000000e+00,0.863281
38680,0.284666,0.271121,0.005347,0.008198,1.000000e+00,0.847656
38700,0.405043,0.378347,0.006015,0.020680,1.000000e+00,0.761719
38720,0.657706,0.606420,0.009378,0.041909,1.000000e+00,0.644531
38740,0.586775,0.553138,0.005302,0.028335,1.000000e+00,0.750000
38760,0.452835,0.306720,0.002255,0.143860,1.000000e+00,0.773438
38780,0.516815,0.293395,0.003216,0.220203,1.000000e+00,0.800781
38800,0.575949,0.355288,0.005247,0.215414,1.000000e+00,0.796875
38820,0.908174,0.692780,0.005252,0.210142,1.000000e+00,0.423828
38840,0.648802,0.433088,0.003082,0.212632,1.000000e+00,0.482422
38860,0.646664,0.404441,0.006988,0.235235,1.000000e+00,0.699219
38880,0.463170,0.162983,0.006532,0.293656,1.000000e+00,0.855469
38900,0.710251,0.290997,0.007899,0.411356,1.000000e+00,0.828125
38920,0.545853,0.211575,0.006975,0.327303,1.000000e+00,0.863281
38940,0.732125,0.531378,0.004857,0.195890,1.000000e+00,0.601562
38960,0.420327,0.407937,0.007319,0.005071,1.000000e+00,0.625000
38980,0.254004,0.231676,0.002922,0.019406,1.000000e+00,0.875000
39000,0.571280,0.407406,0.002379,0.161495,1.000000e+00,0.703125
39020,0.525549,0.502246,0.010569,0.012734,1.000000e+00,0.664062
39040,0.662909,0.351136,0.003761,0.308012,1.000000e+00,0.828125
39060,0.865528,0.576578,0.009018,0.279932,1.000000e+00,0.582031
39080,0.541276,0.290998,0.003804,0.246474,1.000000e+00,0.531250
39100,0.487435,0.462135,0.012599,0.012701,1.000000e+00,0.773438
39120,0.576803,0.288835,0.006178,0.281790,1.000000e+00,0.527344
39140,0.737054,0.292163,0.006733,0.438159,1.000000e+00,0.656250
39160,0.494207,0.268899,0.005053,0.220255,1.000000e+00,0.906250
39180,0.568483,0.398776,0.020838,0.148869,1.000000e+00,0.730469
39200,1.118318,1.076373,0.016472,0.025473,1.000000e+00,0.396484
39220,0.470484,0.164851,0.004682,0.300951,1.000000e+00,0.953125
39240,0.670211,0.264052,0.003964,0.402196,1.000000e+00,0.613281
39260,0.589366,0.230451,0.009498,0.349416,1.000000e+00,0.906250
39280,0.414485,0.151746,0.003862,0.258877,1.000000e+00,0.695312
39300,0.401415,0.242025,0.003193,0.156197,1.000000e+00,0.875000
39320,0.503333,0.487757,0.009809,0.005766,1.000000e+00,0.832031
39340,0.658278,0.394078,0.030154,0.234046,1.000000e+00,0.933594
39360,0.356866,0.329220,0.002159,0.025487,1.000000e+00,0.703125
39380,0.934509,0.689964,0.115250,0.129295,1.000000e+00,0.621094
39400,0.780389,0.333747,0.006993,0.439648,1.000000e+00,0.714844
39420,0.673737,0.625049,0.006483,0.042205,1.000000e+00,0.781250
39440,0.497540,0.402145,0.010973,0.084423,1.000000e+00,0.796875
39460,0.712629,0.330414,0.003606,0.378609,1.000000e+00,0.726562
39480,0.879475,0.837547,0.009092,0.032836,1.000000e+00,0.503906
39500,0.329206,0.227525,0.003822,0.097859,1.000000e+00,0.773438
39520,0.644177,0.195026,0.005096,0.444054,1.000000e+00,0.730469
39540,0.573050,0.218871,0.005155,0.349024,1.000000e+00,0.937500
39560,0.453166,0.283185,0.005516,0.164465,1.000000e+00,0.636719
39580,1.117952,0.820209,0.008218,0.289525,1.000000e+00,0.427734
39600,0.678327,0.606775,0.004238,0.067314,1.000000e+00,0.539062
39620,0.648361,0.330323,0.006026,0.312013,1.000000e+00,0.589844
39640,0.425710,0.386153,0.009785,0.029772,1.000000e+00,0.843750
39660,0.744231,0.685500,0.005190,0.053540,1.000000e+00,0.839844
39680,0.397867,0.369255,0.005370,0.023242,1.000000e+00,0.644531
39700,0.375083,0.272815,0.005656,0.096612,1.000000e+00,0.929688
39720,0.848110,0.529616,0.005777,0.312717,1.000000e+00,0.625000
39740,0.635350,0.179656,0.006238,0.449455,1.000000e+00,0.925781
39760,0.618668,0.235212,0.006668,0.376789,1.000000e+00,0.718750
39780,0.792408,0.752461,0.009029,0.030918,1.000000e+00,0.531250
39800,1.399645,1.213962,0.003407,0.182276,1.000000e+00,0.318359
39820,0.978787,0.570568,0.002544,0.405676,1.000000e+00,0.412109
39840,1.207248,1.170780,0.006658,0.029809,1.000000e+00,0.242188
39860,0.565592,0.555487,0.003047,0.007057,1.000000e+00,0.574219
39880,0.609550,0.264460,0.005749,0.339341,1.000000e+00,0.570312
39900,0.603608,0.420646,0.004015,0.178946,1.000000e+00,0.707031
39920,0.435268,0.155823,0.005365,0.274080,1.000000e+00,0.914062
39940,0.925354,0.774240,0.005139,0.145974,1.000000e+00,0.445312
39960,0.275823,0.131012,0.006870,0.137941,1.000000e+00,0.894531
39980,0.473068,0.431798,0.006167,0.035103,1.000000e+00,0.687500
40000,0.547558,0.498456,0.003949,0.045153,1.000000e+00,0.941406
40020,0.624610,0.458697,0.008815,0.157099,1.000000e+00,0.652344
40040,0.664979,0.401183,0.002940,0.260857,1.000000e+00,0.796875
40060,0.852424,0.793360,0.010324,0.048740,1.000000e+00,0.609375
40080,0.732723,0.283442,0.009478,0.439803,1.000000e+00,0.929688
40100,0.720581,0.603181,0.010131,0.107268,1.000000e+00,0.683594
40120,0.518755,0.319387,0.003663,0.195705,1.000000e+00,0.699219
40140,0.479590,0.461193,0.003844,0.014553,1.000000e+00,0.953125
40160,0.758166,0.446552,0.008827,0.302788,1.000000e+00,0.644531
40180,0.703255,0.270601,0.006250,0.426404,1.000000e+00,0.957031
40200,1.070498,0.855469,0.005839,0.209191,1.000000e+00,0.306641
40220,0.509989,0.471927,0.005376,0.032686,1.000000e+00,0.515625
40240,0.513476,0.352539,0.013687,0.147251,1.000000e+00,0.777344
40260,0.583096,0.553217,0.005940,0.023939,1.000000e+00,0.738281
40280,0.519789,0.386576,0.003953,0.129260,1.000000e+00,0.406250
40300,0.321919,0.172290,0.003553,0.146076,1.000000e+00,0.859375
40320,0.280469,0.152137,0.003856,0.124476,1.000000e+00,0.906250
40340,0.724025,0.295100,0.004132,0.424793,1.000000e+00,0.609375
40360,0.695317,0.543153,0.007246,0.144918,1.000000e+00,0.730469
40380,0.342129,0.293291,0.005705,0.043132,1.000000e+00,0.851562
40400,0.498035,0.462647,0.009252,0.026136,1.000000e+00,0.675781
40420,0.466902,0.294023,0.009874,0.163005,1.000000e+00,0.695312
40440,0.688322,0.416697,0.005127,0.266498,1.000000e+00,0.691406
40460,0.859473,0.618392,0.005035,0.236046,1.000000e+00,0.535156
40480,0.963525,0.921664,0.009437,0.032423,1.000000e+00,0.392578
40500,0.630610,0.602722,0.009140,0.018748,1.000000e+00,0.777344
40520,0.212513,0.184004,0.004668,0.023841,1.000000e+00,0.890625
40540,0.405666,0.352001,0.004279,0.049386,1.000000e+00,0.765625
40560,0.474734,0.268564,0.004946,0.201224,1.000000e+00,0.683594
40580,0.785170,0.376186,0.006877,0.402107,1.000000e+00,0.546875
40600,0.901748,0.884440,0.005892,0.011415,1.000000e+00,0.617188
40620,0.534843,0.316330,0.003236,0.215276,1.000000e+00,0.792969
40640,0.253133,0.130049,0.007142,0.115941,1.000000e+00,0.917969
40660,0.314270,0.291877,0.003452,0.018941,1.000000e+00,0.980469
40680,0.705210,0.170781,0.006735,0.527694,1.000000e+00,0.925781
40700,0.349740,0.317002,0.002781,0.029957,1.000000e+00,0.941406
40720,0.380819,0.357408,0.007162,0.016250,1.000000e+00,0.816406
40740,0.393891,0.332309,0.002736,0.058846,1.000000e+00,0.941406
40760,0.552968,0.546885,0.002634,0.003449,1.000000e+00,0.582031
40780,0.569475,0.342818,0.011345,0.215311,1.000000e+00,0.644531
40800,1.060483,1.029736,0.003713,0.027034,1.000000e+00,0.558594
40820,0.401915,0.157506,0.010439,0.233970,1.000000e+00,0.917969
40840,0.801871,0.585420,0.005168,0.211283,1.000000e+00,0.613281
40860,1.005828,0.645406,0.008785,0.351637,1.000000e+00,0.683594
40880,0.709169,0.671377,0.008820,0.028972,1.000000e+00,0.523438
40900,0.463736,0.161962,0.006553,0.295221,1.000000e+00,0.847656
40920,0.682118,0.490222,0.003463,0.188433,1.000000e+00,0.349609
40940,0.585475,0.205278,0.005781,0.374416,1.000000e+00,0.730469
40960,0.653286,0.348135,0.026067,0.279084,1.000000e+00,0.839844
40980,0.372768,0.159845,0.003905,0.209017,1.000000e+00,0.953125
41000,0.479342,0.410722,0.014801,0.053820,1.000000e+00,0.726562
41020,1.123064,0.831532,0.008239,0.283292,1.000000e+00,0.363281
41040,0.168068,0.093945,0.002745,0.071379,1.000000e+00,0.863281
41060,0.573401,0.546928,0.007391,0.019083,1.000000e+00,0.425781
41080,0.675385,0.631127,0.008719,0.035538,1.000000e+00,0.683594
41100,0.526312,0.244282,0.005558,0.276472,1.000000e+00,0.671875
41120,0.462390,0.424417,0.010642,0.027331,1.000000e+00,0.804688
41140,0.494458,0.164641,0.008532,0.321285,1.000000e+00,0.890625
41160,0.902761,0.458042,0.015526,0.429193,1.000000e+00,0.664062
41180,0.398298,0.373044,0.006490,0.018764,1.000000e+00,0.773438
41200,0.664735,0.646491,0.005903,0.012341,1.000000e+00,0.601562
41220,0.336906,0.326103,0.004530,0.006272,1.000000e+00,0.855469
41240,0.893837,0.836049,0.005998,0.051790,1.000000e+00,0.283203
41260,0.534966,0.441428,0.010185,0.083353,1.000000e+00,0.863281
41280,0.413536,0.356004,0.004015,0.053517,1.000000e+00,0.796875
41300,0.964252,0.907502,0.007262,0.049488,1.000000e+00,0.306641
41320,0.404162,0.394010,0.004491,0.005662,1.000000e+00,0.824219
41340,0.368969,0.350417,0.003701,0.014851,1.000000e+00,0.828125
41360,0.509994,0.473950,0.004194,0.031851,1.000000e+00,0.769531
41380,0.484826,0.209162,0.008718,0.266946,1.000000e+00,0.855469
41400,1.077100,0.628290,0.006223,0.442586,1.000000e+00,0.269531
41420,0.489495,0.230972,0.004763,0.253760,1.000000e+00,0.648438
41440,0.811770,0.750649,0.007988,0.053134,1.000000e+00,0.486328
41460,0.414838,0.365974,0.008614,0.040250,1.000000e+00,0.902344
41480,0.376679,0.336927,0.010518,0.029234,1.000000e+00,0.878906
41500,0.962118,0.595256,0.005600,0.361262,1.000000e+00,0.453125
41520,0.731726,0.717030,0.005290,0.009406,1.000000e+00,0.648438
41540,0.683814,0.422603,0.005596,0.255615,1.000000e+00,0.585938
41560,0.431458,0.288630,0.001771,0.141057,1.000000e+00,0.566406
41580,0.582492,0.481771,0.007314,0.093407,1.000000e+00,0.968750
41600,0.253368,0.232196,0.002214,0.018958,1.000000e+00,0.925781
41620,0.292679,0.269604,0.008964,0.014110,1.000000e+00,0.906250
41640,0.383741,0.357906,0.006291,0.019545,1.000000e+00,0.839844
41660,0.372611,0.245810,0.006463,0.120338,1.000000e+00,0.765625
41680,0.562619,0.539602,0.005194,0.017822,1.000000e+00,0.601562
41700,0.575189,0.234366,0.004212,0.336612,1.000000e+00,0.625000
41720,0.520164,0.305028,0.002618,0.212519,1.000000e+00,0.511719
41740,0.790488,0.323376,0.006074,0.461038,1.000000e+00,0.777344
41760,0.467063,0.411523,0.019735,0.035805,1.000000e+00,0.757812
41780,0.418770,0.373008,0.002797,0.042965,1.000000e+00,0.628906
41800,0.635656,0.619211,0.006307,0.010138,1.000000e+00,0.656250
41820,0.733449,0.243247,0.004565,0.485638,1.000000e+00,0.707031
41840,0.652303,0.527344,0.007610,0.117348,1.000000e+00,0.609375
41860,0.386923,0.373278,0.003162,0.010483,1.000000e+00,0.687500
41880,0.351346,0.317132,0.006154,0.028060,1.000000e+00,0.769531
41900,0.458486,0.352479,0.003115,0.102891,1.000000e+00,0.855469
41920,0.587199,0.321070,0.004848,0.261281,1.000000e+00,0.824219
41940,0.535400,0.452638,0.004815,0.077948,1.000000e+00,0.757812
41960,0.535391,0.358310,0.002504,0.174577,1.000000e+00,0.777344
41980,0.560406,0.461374,0.010639,0.088393,1.000000e+00,0.765625
42000,0.507668,0.438551,0.052844,0.016273,1.000000e+00,0.964844
42020,0.503672,0.478026,0.007674,0.017972,1.000000e+00,0.746094
42040,0.614862,0.378642,0.009226,0.226994,1.000000e+00,0.621094
42060,0.415394,0.387200,0.006573,0.021622,1.000000e+00,0.750000
42080,1.015840,0.970584,0.013007,0.032248,1.000000e+00,0.349609
42100,1.223031,1.159904,0.033795,0.029333,1.000000e+00,0.204102
42120,0.387928,0.366932,0.005146,0.015851,1.000000e+00,0.937500
42140,0.497223,0.487321,0.003132,0.006770,1.000000e+00,0.730469
42160,0.558718,0.333412,0.003290,0.222016,1.000000e+00,0.800781
42180,0.300934,0.260395,0.004064,0.036475,1.000000e+00,0.945312
42200,0.256659,0.226041,0.005877,0.024742,1.000000e+00,0.910156
42220,0.669042,0.517389,0.004813,0.146841,1.000000e+00,0.550781
42240,0.689760,0.650085,0.017368,0.022307,1.000000e+00,0.550781
42260,0.531548,0.379737,0.021719,0.130092,1.000000e+00,0.875000
42280,0.594041,0.572169,0.010953,0.010920,1.000000e+00,0.753906
42300,0.498492,0.217163,0.004110,0.277219,1.000000e+00,0.773438
42320,1.053949,0.621057,0.007874,0.425018,1.000000e+00,0.332031
42340,0.474450,0.447146,0.003873,0.023431,1.000000e+00,0.773438
42360,0.519992,0.225573,0.003754,0.290664,1.000000e+00,0.781250
42380,0.327132,0.315089,0.005859,0.006184,1.000000e+00,0.753906
42400,0.931273,0.631149,0.008126,0.291998,1.000000e+00,0.476562
42420,0.449808,0.344550,0.002265,0.102993,1.000000e+00,0.722656
42440,0.471504,0.198098,0.003471,0.269935,1.000000e+00,0.558594
42460,0.438156,0.290533,0.005237,0.142386,1.000000e+00,0.636719
42480,0.440298,0.357525,0.005538,0.077235,1.000000e+00,0.785156
42500,0.704066,0.316643,0.012218,0.375205,1.000000e+00,0.757812
42520,0.584533,0.263146,0.005015,0.316372,1.000000e+00,0.671875
42540,0.617394,0.404051,0.004735,0.208608,1.000000e+00,0.734375
42560,0.452595,0.406851,0.010224,0.035520,1.000000e+00,0.816406
42580,0.520535,0.373740,0.006013,0.140781,1.000000e+00,0.585938
42600,0.485082,0.417815,0.014749,0.052518,1.000000e+00,0.816406
42620,0.631391,0.394193,0.003226,0.233973,1.000000e+00,0.458984
42640,0.271928,0.245920,0.005075,0.020932,1.000000e+00,0.843750
42660,0.507419,0.332788,0.002478,0.172152,1.000000e+00,0.503906
42680,0.747593,0.697780,0.002807,0.047006,1.000000e+00,0.460938
42700,0.687375,0.671751,0.014582,0.001042,1.000000e+00,0.660156
42720,0.764438,0.440202,0.006934,0.317302,1.000000e+00,0.578125
42740,0.685424,0.620460,0.006330,0.058634,1.000000e+00,0.304688
42760,0.433902,0.182141,0.003347,0.248414,1.000000e+00,0.843750
42780,0.576562,0.549825,0.012180,0.014557,1.000000e+00,0.792969
42800,0.978476,0.936501,0.009945,0.032030,1.000000e+00,0.494141
42820,0.868960,0.851743,0.007118,0.010098,1.000000e+00,0.332031
42840,0.619982,0.591664,0.007797,0.020520,1.000000e+00,0.687500
42860,0.594639,0.330303,0.006740,0.257596,1.000000e+00,0.886719
42880,0.684958,0.259673,0.004642,0.420642,1.000000e+00,0.863281
42900,0.619236,0.599515,0.009894,0.009828,1.000000e+00,0.652344
42920,0.235109,0.228397,0.003791,0.002921,1.000000e+00,0.855469
42940,0.407789,0.336932,0.010806,0.060051,1.000000e+00,0.933594
42960,0.580760,0.201299,0.005173,0.374289,1.000000e+00,0.757812
42980,0.521531,0.283854,0.007202,0.230475,1.000000e+00,0.867188
43000,0.841032,0.806556,0.015391,0.019085,1.000000e+00,0.343750
43020,0.220940,0.214181,0.005103,0.001656,1.000000e+00,0.890625
43040,0.552080,0.317010,0.015369,0.219701,1.000000e+00,0.945312
43060,0.850617,0.832395,0.009697,0.008525,1.000000e+00,0.835938
43080,0.535169,0.520796,0.008216,0.006157,1.000000e+00,0.773438
43100,0.807288,0.760482,0.008535,0.038271,1.000000e+00,0.470703
43120,0.412012,0.351588,0.011109,0.049315,1.000000e+00,0.816406
43140,0.371662,0.362049,0.005014,0.004599,1.000000e+00,0.855469
43160,0.692553,0.340430,0.005376,0.346747,1.000000e+00,0.703125
43180,0.406475,0.172669,0.003324,0.230481,1.000000e+00,0.562500
43200,0.986250,0.812041,0.004129,0.170079,1.000000e+00,0.277344
43220,0.578510,0.551535,0.010290,0.016685,1.000000e+00,0.667969
43240,0.658603,0.612823,0.013361,0.032420,1.000000e+00,0.859375
43260,0.357990,0.340396,0.004229,0.013365,1.000000e+00,0.808594
43280,0.846029,0.470956,0.007017,0.368055,1.000000e+00,0.625000
43300,0.570804,0.215171,0.005688,0.349944,1.000000e+00,0.855469
43320,0.886013,0.862353,0.013418,0.010243,1.000000e+00,0.474609
43340,0.502013,0.456609,0.007552,0.037851,1.000000e+00,0.664062
43360,0.547553,0.477857,0.005695,0.064000,1.000000e+00,0.875000
43380,0.788491,0.443980,0.007235,0.337276,1.000000e+00,0.636719
43400,0.726645,0.416635,0.008019,0.301991,1.000000e+00,0.683594
43420,0.376838,0.348195,0.007430,0.021213,1.000000e+00,0.906250
43440,0.535523,0.412048,0.081300,0.042174,1.000000e+00,0.562500
43460,0.363346,0.347199,0.004242,0.011905,1.000000e+00,0.757812
43480,0.535661,0.505822,0.007243,0.022596,1.000000e+00,0.621094
43500,0.655211,0.407979,0.005784,0.241449,1.000000e+00,0.695312
43520,0.322632,0.297713,0.002986,0.021933,1.000000e+00,0.953125
43540,0.380373,0.249104,0.010593,0.120677,1.000000e+00,0.585938
43560,0.396399,0.357920,0.009016,0.029463,1.000000e+00,0.843750
43580,0.646522,0.324218,0.006327,0.315977,1.000000e+00,0.574219
43600,0.530371,0.486321,0.026761,0.017289,1.000000e+00,0.863281
43620,0.636386,0.351570,0.004901,0.279915,1.000000e+00,0.753906
43640,0.739333,0.712838,0.008672,0.017823,1.000000e+00,0.392578
43660,0.659978,0.636109,0.009335,0.014534,1.000000e+00,0.656250
43680,0.764934,0.520705,0.002733,0.241496,1.000000e+00,0.589844
43700,0.701875,0.292319,0.005357,0.404198,1.000000e+00,0.949219
43720,0.898349,0.875371,0.008800,0.014178,1.000000e+00,0.443359
43740,0.562317,0.499910,0.003669,0.058738,1.000000e+00,0.660156
43760,0.527366,0.510278,0.011002,0.006086,1.000000e+00,0.816406
43780,0.921094,0.608890,0.007623,0.304582,1.000000e+00,0.609375
43800,0.893730,0.477830,0.006657,0.409243,1.000000e+00,0.542969
43820,0.460455,0.216313,0.004704,0.239439,1.000000e+00,0.726562
43840,0.811168,0.669994,0.003652,0.137522,1.000000e+00,0.515625
43860,0.745889,0.558774,0.008959,0.178157,1.000000e+00,0.679688
43880,0.862952,0.810809,0.004171,0.047973,1.000000e+00,0.474609
43900,0.476380,0.248075,0.012478,0.215827,1.000000e+00,0.761719
43920,0.965530,0.602912,0.008456,0.354162,1.000000e+00,0.451172
43940,0.473475,0.392198,0.005069,0.076208,1.000000e+00,0.769531
43960,1.077005,1.022368,0.004202,0.050434,1.000000e+00,0.259766
43980,0.488752,0.442249,0.008295,0.038208,1.000000e+00,0.781250
44000,0.901233,0.886867,0.004151,0.010215,1.000000e+00,0.503906
44020,0.752752,0.728200,0.007010,0.017542,1.000000e+00,0.539062
44040,0.581667,0.299269,0.004049,0.278349,1.000000e+00,0.933594
44060,0.360292,0.332815,0.004171,0.023306,1.000000e+00,0.894531
44080,0.536346,0.345096,0.002416,0.188835,1.000000e+00,0.625000
44100,0.652154,0.617944,0.003284,0.030926,1.000000e+00,0.326172
44120,0.536381,0.423017,0.004389,0.108975,1.000000e+00,0.542969
44140,0.982961,0.964012,0.005672,0.013276,1.000000e+00,0.115723
44160,0.754098,0.377677,0.003425,0.372996,1.000000e+00,0.675781
44180,0.752304,0.510335,0.015046,0.226922,1.000000e+00,0.718750
44200,0.719183,0.654578,0.050888,0.013717,1.000000e+00,0.671875
44220,0.373543,0.368578,0.004840,0.000125,1.000000e+00,0.628906
44240,0.723721,0.671248,0.005258,0.047215,1.000000e+00,0.478516
44260,0.639651,0.375515,0.003352,0.260783,1.000000e+00,0.664062
44280,0.313368,0.178361,0.003003,0.132004,1.000000e+00,0.781250
44300,0.479133,0.234117,0.003854,0.241162,1.000000e+00,0.640625
44320,0.604334,0.533945,0.033128,0.037262,1.000000e+00,0.933594
44340,0.846905,0.688691,0.005474,0.152741,1.000000e+00,0.515625
44360,0.616986,0.598409,0.004309,0.014267,1.000000e+00,0.734375
44380,0.477066,0.460866,0.006453,0.009746,1.000000e+00,0.804688
44400,0.292087,0.262730,0.001240,0.028117,1.000000e+00,0.878906
44420,0.796734,0.779562,0.008092,0.009080,1.000000e+00,0.707031
44440,0.336356,0.304317,0.009249,0.022791,1.000000e+00,0.902344
44460,0.761099,0.701216,0.007406,0.052477,1.000000e+00,0.535156
44480,0.690667,0.471936,0.015087,0.203644,1.000000e+00,0.687500
44500,0.620603,0.250496,0.004548,0.365559,1.000000e+00,0.761719
44520,0.428390,0.400748,0.007985,0.019657,1.000000e+00,0.855469
44540,0.689541,0.338351,0.016162,0.335029,1.000000e+00,0.761719
44560,0.908917,0.867512,0.005874,0.035531,1.000000e+00,0.233398
44580,0.408463,0.385700,0.009618,0.013146,1.000000e+00,0.832031
44600,0.383323,0.373612,0.004775,0.004937,1.000000e+00,0.898438
44620,0.385014,0.347152,0.008549,0.029313,1.000000e+00,0.804688
44640,0.683970,0.349480,0.004456,0.330034,1.000000e+00,0.601562
44660,0.526719,0.333294,0.002790,0.190635,1.000000e+00,0.816406
44680,0.508260,0.266940,0.003433,0.237886,1.000000e+00,0.777344
44700,0.617446,0.253422,0.012557,0.351466,1.000000e+00,0.761719
44720,0.628922,0.614177,0.003351,0.011395,1.000000e+00,0.679688
44740,0.602682,0.570588,0.008111,0.023983,1.000000e+00,0.527344
44760,0.468989,0.440259,0.009003,0.019727,1.000000e+00,0.800781
44780,0.505382,0.361492,0.001792,0.142097,1.000000e+00,0.742188
44800,0.589459,0.557217,0.004637,0.027605,1.000000e+00,0.660156
44820,0.530127,0.513724,0.008954,0.007449,1.000000e+00,0.867188
44840,1.113263,0.629291,0.006737,0.477235,1.000000e+00,0.328125
44860,0.364100,0.285852,0.002872,0.075377,1.000000e+00,0.832031
44880,0.602200,0.585488,0.005152,0.011561,1.000000e+00,0.589844
44900,0.406125,0.378495,0.015936,0.011693,1.000000e+00,0.863281
44920,0.482523,0.467526,0.006437,0.008560,1.000000e+00,0.812500
44940,0.688655,0.284866,0.006229,0.397560,1.000000e+00,0.691406
44960,0.720261,0.676289,0.005702,0.038269,1.000000e+00,0.609375
44980,0.419790,0.366467,0.010947,0.042376,1.000000e+00,0.894531
45000,0.540118,0.206361,0.006883,0.326874,1.000000e+00,0.855469
45020,0.449992,0.429082,0.003703,0.017207,1.000000e+00,0.804688
45040,0.784534,0.298843,0.024325,0.461365,1.000000e+00,0.808594
45060,0.330918,0.315680,0.013885,0.001353,1.000000e+00,0.843750
45080,0.685001,0.404581,0.006131,0.274290,1.000000e+00,0.828125
45100,0.857346,0.785528,0.017568,0.054250,1.000000e+00,0.953125
45120,0.372949,0.363668,0.006114,0.003167,1.000000e+00,0.917969
45140,0.744583,0.226517,0.005120,0.512946,1.000000e+00,0.703125
45160,0.940734,0.814948,0.014850,0.110936,1.000000e+00,0.248047
45180,0.604094,0.346926,0.006218,0.250951,1.000000e+00,0.738281
45200,0.729271,0.402630,0.005668,0.320973,1.000000e+00,0.453125
45220,0.828459,0.257974,0.004388,0.566098,1.000000e+00,0.953125
45240,0.437297,0.408991,0.005515,0.022791,1.000000e+00,0.675781
45260,0.554634,0.525348,0.009666,0.019621,1.000000e+00,0.765625
45280,0.653444,0.256771,0.001879,0.394794,1.000000e+00,0.820312
45300,0.333344,0.326582,0.003870,0.002893,1.000000e+00,0.738281
45320,0.442762,0.426240,0.006749,0.009772,1.000000e+00,0.859375
45340,1.248028,1.024730,0.014680,0.208618,1.000000e+00,0.435547
45360,0.507789,0.492489,0.005133,0.010167,1.000000e+00,0.789062
45380,0.606016,0.247106,0.008356,0.350553,1.000000e+00,0.605469
45400,0.391056,0.373624,0.006696,0.010736,1.000000e+00,0.652344
45420,1.136310,1.113864,0.005080,0.017365,1.000000e+00,0.472656
45440,0.476857,0.364665,0.001865,0.110327,1.000000e+00,0.519531
45460,0.501061,0.322851,0.003602,0.174609,1.000000e+00,0.832031
45480,0.631311,0.303730,0.004978,0.322603,1.000000e+00,0.625000
45500,0.787011,0.675605,0.004578,0.106827,1.000000e+00,0.419922
45520,0.452991,0.418718,0.004619,0.029654,1.000000e+00,0.546875
45540,0.795128,0.734098,0.004783,0.056247,1.000000e+00,0.574219
45560,0.824154,0.798736,0.007206,0.018213,1.000000e+00,0.531250
45580,0.500891,0.341507,0.075458,0.083927,1.000000e+00,0.847656
45600,0.661574,0.326141,0.006505,0.328928,1.000000e+00,0.941406
45620,0.983197,0.933902,0.005009,0.044287,1.000000e+00,0.184570
45640,0.290481,0.282045,0.003184,0.005252,1.000000e+00,0.781250
45660,0.902193,0.495246,0.004164,0.402784,1.000000e+00,0.628906
45680,0.638623,0.342130,0.004673,0.291820,1.000000e+00,0.906250
45700,0.864419,0.801731,0.010795,0.051893,1.000000e+00,0.484375
45720,0.883837,0.723705,0.010239,0.149894,1.000000e+00,0.707031
45740,0.474968,0.433059,0.010858,0.031052,1.000000e+00,0.882812
45760,0.685138,0.322012,0.005898,0.357229,1.000000e+00,0.494141
45780,0.391707,0.156404,0.007096,0.228207,1.000000e+00,0.867188
45800,0.554156,0.462825,0.008987,0.082345,1.000000e+00,0.867188
45820,0.444441,0.397228,0.010291,0.036922,1.000000e+00,0.789062
45840,0.714701,0.692005,0.003281,0.019415,1.000000e+00,0.531250
45860,0.314507,0.281706,0.013159,0.019642,1.000000e+00,0.875000
45880,0.669643,0.633071,0.006399,0.030173,1.000000e+00,0.478516
45900,0.716189,0.193617,0.006141,0.516431,1.000000e+00,0.792969
45920,0.682617,0.524363,0.005994,0.152260,1.000000e+00,0.730469
45940,0.569117,0.552616,0.009218,0.007283,1.000000e+00,0.816406
45960,0.345800,0.294550,0.005358,0.045891,1.000000e+00,0.902344
45980,0.470018,0.298565,0.004302,0.167152,1.000000e+00,0.578125
46000,0.429896,0.407743,0.010523,0.011630,1.000000e+00,0.843750
46020,0.915249,0.825719,0.009292,0.080238,1.000000e+00,0.644531
46040,0.838323,0.690820,0.005753,0.141750,1.000000e+00,0.488281
46060,0.718214,0.682348,0.006624,0.029242,1.000000e+00,0.851562
46080,0.537289,0.517718,0.005842,0.013729,1.000000e+00,0.531250
46100,0.561024,0.538361,0.007819,0.014844,1.000000e+00,0.730469
46120,0.586355,0.353334,0.005520,0.227501,1.000000e+00,0.781250
46140,0.819100,0.530113,0.005023,0.283964,1.000000e+00,0.679688
46160,0.627261,0.612748,0.009512,0.005001,1.000000e+00,0.578125
46180,0.591029,0.256342,0.005222,0.329465,1.000000e+00,0.777344
46200,0.885601,0.573965,0.008814,0.302821,1.000000e+00,0.582031
46220,0.452671,0.430595,0.010906,0.011170,1.000000e+00,0.808594
46240,0.553022,0.171847,0.004487,0.376687,1.000000e+00,0.832031
46260,0.843634,0.819049,0.004087,0.020498,1.000000e+00,0.570312
46280,0.812874,0.764177,0.010517,0.038180,1.000000e+00,0.761719
46300,0.864977,0.780937,0.004810,0.079231,1.000000e+00,0.351562
46320,0.855699,0.800909,0.003711,0.051078,1.000000e+00,0.404297
46340,0.786046,0.637890,0.003923,0.144234,1.000000e+00,0.507812
46360,0.397507,0.363648,0.000960,0.032899,1.000000e+00,0.835938
46380,0.355640,0.294311,0.006844,0.054486,1.000000e+00,0.917969
46400,0.563013,0.415982,0.003539,0.143493,1.000000e+00,0.369141
46420,0.451545,0.427520,0.004552,0.019473,1.000000e+00,0.804688
46440,0.521844,0.384422,0.006450,0.130972,1.000000e+00,0.835938
46460,0.596568,0.294509,0.025711,0.276349,1.000000e+00,0.824219
46480,0.944228,0.783019,0.004818,0.156390,1.000000e+00,0.439453
46500,0.480541,0.214928,0.005258,0.260355,1.000000e+00,0.910156
46520,0.483840,0.435486,0.012283,0.036071,1.000000e+00,0.710938
46540,0.996326,0.776759,0.004502,0.215066,1.000000e+00,0.380859
46560,0.903790,0.855951,0.010209,0.037630,1.000000e+00,0.474609
46580,0.333646,0.283228,0.002160,0.048259,1.000000e+00,0.843750
46600,0.830113,0.809666,0.008470,0.011976,1.000000e+00,0.878906
46620,0.428723,0.405713,0.003615,0.019396,1.000000e+00,0.738281
46640,0.667185,0.653159,0.004240,0.009786,1.000000e+00,0.416016
46660,0.498214,0.329725,0.003324,0.165165,1.000000e+00,0.761719
46680,0.623710,0.329942,0.006208,0.287560,1.000000e+00,0.820312
46700,1.141723,1.094532,0.008711,0.038480,1.000000e+00,0.451172
46720,0.657603,0.541727,0.003105,0.112770,1.000000e+00,0.578125
46740,0.631153,0.420536,0.009605,0.201012,1.000000e+00,0.843750
46760,0.430527,0.409721,0.002801,0.018006,1.000000e+00,0.640625
46780,0.404187,0.383947,0.013280,0.006959,1.000000e+00,0.886719
46800,0.424683,0.390454,0.014753,0.019476,1.000000e+00,0.871094
46820,0.762766,0.292290,0.007105,0.463371,1.000000e+00,0.785156
46840,0.323281,0.300985,0.005647,0.016650,1.000000e+00,0.863281
46860,0.747825,0.696756,0.009839,0.041230,1.000000e+00,0.593750
46880,0.285333,0.139904,0.004854,0.140576,1.000000e+00,0.796875
46900,0.873512,0.710673,0.003335,0.159504,1.000000e+00,0.462891
46920,0.422293,0.411450,0.004386,0.006458,1.000000e+00,0.800781
46940,0.349420,0.315843,0.008119,0.025459,1.000000e+00,0.945312
46960,0.723053,0.598854,0.004320,0.119879,1.000000e+00,0.636719
46980,0.327766,0.304129,0.004880,0.018757,1.000000e+00,0.882812
47000,1.019652,0.964487,0.005123,0.050042,1.000000e+00,0.310547
47020,0.652895,0.397421,0.003100,0.252374,1.000000e+00,0.714844
47040,0.823218,0.812251,0.003800,0.007167,1.000000e+00,0.470703
47060,0.608827,0.324151,0.004168,0.280508,1.000000e+00,0.808594
47080,0.653938,0.267326,0.011156,0.375456,1.000000e+00,0.773438
47100,0.613703,0.316190,0.006256,0.291257,1.000000e+00,0.851562
47120,0.874125,0.836827,0.009773,0.027526,1.000000e+00,0.546875
47140,0.377175,0.328081,0.008339,0.040755,1.000000e+00,0.859375
47160,0.889943,0.614512,0.004033,0.271398,1.000000e+00,0.484375
47180,0.265886,0.224752,0.009094,0.032040,1.000000e+00,0.863281
47200,0.444264,0.406403,0.003060,0.034800,1.000000e+00,0.652344
47220,0.502785,0.406013,0.003864,0.092908,1.000000e+00,0.691406
47240,0.834740,0.369461,0.007342,0.457937,1.000000e+00,0.800781
47260,0.511973,0.457993,0.002751,0.051228,1.000000e+00,0.535156
47280,0.511097,0.485242,0.006377,0.019478,1.000000e+00,0.820312
47300,0.359810,0.317184,0.003557,0.039069,1.000000e+00,0.843750
47320,0.674945,0.667779,0.006019,0.001148,1.000000e+00,0.734375
47340,0.454609,0.373296,0.007331,0.073983,1.000000e+00,0.816406
47360,0.782010,0.600845,0.004187,0.176978,1.000000e+00,0.558594
47380,0.408449,0.388967,0.007226,0.012256,1.000000e+00,0.687500
47400,0.438720,0.429269,0.003697,0.005754,1.000000e+00,0.890625
47420,0.449333,0.424042,0.003434,0.021856,1.000000e+00,0.816406
47440,0.592501,0.387936,0.004119,0.200446,1.000000e+00,0.519531
47460,0.392750,0.380631,0.005721,0.006398,1.000000e+00,0.718750
47480,0.542705,0.525729,0.005032,0.011944,1.000000e+00,0.859375
47500,0.401853,0.367444,0.005682,0.028727,1.000000e+00,0.832031
47520,0.477703,0.443858,0.013958,0.019887,1.000000e+00,0.792969
47540,0.646406,0.632987,0.007319,0.006099,1.000000e+00,0.761719
47560,0.629087,0.307494,0.006634,0.314959,1.000000e+00,0.875000
47580,0.669104,0.500995,0.002998,0.165111,1.000000e+00,0.458984
47600,0.436179,0.406826,0.007864,0.021489,1.000000e+00,0.769531
47620,0.565180,0.381351,0.006256,0.177574,1.000000e+00,0.531250
47640,0.562171,0.301200,0.007350,0.253622,1.000000e+00,0.921875
47660,0.680008,0.407956,0.005385,0.266668,1.000000e+00,0.695312
47680,0.713965,0.685298,0.013718,0.014950,1.000000e+00,0.652344
47700,0.549495,0.385294,0.007858,0.156342,1.000000e+00,0.515625
47720,0.712666,0.454331,0.003781,0.254554,1.000000e+00,0.695312
47740,0.424960,0.386710,0.004580,0.033670,1.000000e+00,0.636719
47760,0.650494,0.300489,0.006036,0.343969,1.000000e+00,0.812500
47780,0.486424,0.462883,0.007579,0.015961,1.000000e+00,0.796875
47800,0.371457,0.346222,0.011934,0.013301,1.000000e+00,0.914062
47820,1.021592,0.989207,0.009039,0.023347,1.000000e+00,0.158203
47840,0.451544,0.424806,0.003479,0.023259,1.000000e+00,0.855469
47860,0.651896,0.314581,0.004593,0.332722,1.000000e+00,0.769531
47880,0.546484,0.318929,0.006597,0.220958,1.000000e+00,0.683594
47900,0.523431,0.243349,0.005656,0.274426,1.000000e+00,0.863281
47920,0.455447,0.432512,0.008092,0.014842,1.000000e+00,0.816406
47940,0.245196,0.232525,0.004981,0.007690,1.000000e+00,0.914062
47960,0.580210,0.554420,0.005570,0.020220,1.000000e+00,0.636719
47980,0.851692,0.815455,0.009762,0.026474,1.000000e+00,0.503906
48000,0.627857,0.309378,0.007784,0.310696,1.000000e+00,0.710938
48020,0.440873,0.347982,0.005699,0.087192,1.000000e+00,0.898438
48040,0.620204,0.440202,0.004321,0.175681,1.000000e+00,0.714844
48060,0.251105,0.153304,0.006105,0.091697,1.000000e+00,0.832031
48080,0.797105,0.721373,0.006964,0.068769,1.000000e+00,0.484375
48100,0.611283,0.554033,0.046873,0.010377,1.000000e+00,0.886719
48120,0.460895,0.245919,0.003119,0.211857,1.000000e+00,0.910156
48140,0.731256,0.415193,0.009195,0.306868,1.000000e+00,0.605469
48160,0.984432,0.907875,0.010095,0.066462,1.000000e+00,0.296875
48180,0.392530,0.363007,0.007897,0.021626,1.000000e+00,0.945312
48200,0.284905,0.255824,0.004907,0.024174,1.000000e+00,0.937500
48220,0.891116,0.649943,0.005469,0.235704,1.000000e+00,0.566406
48240,1.080862,0.734101,0.004678,0.342083,1.000000e+00,0.515625
48260,0.517600,0.397044,0.016230,0.104327,1.000000e+00,0.863281
48280,0.989770,0.969472,0.002678,0.017621,1.000000e+00,0.357422
48300,0.613382,0.560711,0.013058,0.039613,1.000000e+00,0.703125
48320,0.309210,0.134413,0.018587,0.156210,1.000000e+00,0.906250
48340,0.857089,0.556814,0.004704,0.295571,1.000000e+00,0.562500
48360,0.672202,0.292290,0.003249,0.376662,1.000000e+00,0.808594
48380,0.827508,0.804975,0.014042,0.008491,1.000000e+00,0.699219
48400,0.580455,0.323618,0.007070,0.249767,1.000000e+00,0.792969
48420,0.705314,0.353232,0.006543,0.345539,1.000000e+00,0.562500
48440,0.757078,0.414991,0.005377,0.336710,1.000000e+00,0.152344
48460,0.587384,0.569164,0.002438,0.015781,1.000000e+00,0.621094
48480,0.522670,0.269944,0.005125,0.247601,1.000000e+00,0.886719
48500,0.729578,0.343420,0.007795,0.378362,1.000000e+00,0.412109
48520,0.455829,0.199444,0.005443,0.250942,1.000000e+00,0.855469
48540,0.337806,0.216641,0.007697,0.113468,1.000000e+00,0.796875
48560,0.313781,0.295792,0.002998,0.014991,1.000000e+00,0.757812
48580,0.620023,0.410786,0.011680,0.197557,1.000000e+00,0.925781
48600,0.726986,0.652857,0.008559,0.065570,1.000000e+00,0.585938
48620,0.542737,0.294207,0.012447,0.236082,1.000000e+00,0.968750
48640,0.841869,0.811503,0.006760,0.023606,1.000000e+00,0.429688
48660,0.386506,0.353556,0.006423,0.026527,1.000000e+00,0.742188
48680,0.338679,0.298865,0.007119,0.032695,1.000000e+00,0.914062
48700,0.678893,0.654502,0.006959,0.017433,1.000000e+00,0.593750
48720,0.427900,0.421759,0.004496,0.001645,1.000000e+00,0.605469
48740,0.701348,0.554965,0.003505,0.142878,1.000000e+00,0.421875
48760,0.535800,0.505116,0.006067,0.024617,1.000000e+00,0.683594
48780,0.923375,0.804739,0.061497,0.057139,1.000000e+00,0.245117
48800,0.906911,0.672581,0.011361,0.222969,1.000000e+00,0.578125
48820,0.489124,0.267266,0.009179,0.212679,1.000000e+00,0.957031
48840,0.369967,0.343702,0.002582,0.023683,1.000000e+00,0.730469
48860,0.243045,0.235632,0.004835,0.002578,1.000000e+00,0.917969
48880,0.715371,0.672879,0.015775,0.026717,1.000000e+00,0.960938
48900,0.429176,0.222853,0.013466,0.192857,1.000000e+00,0.816406
48920,0.328382,0.311963,0.004598,0.011821,1.000000e+00,0.820312
48940,0.566301,0.525567,0.010193,0.030541,1.000000e+00,0.718750
48960,0.674352,0.663675,0.005534,0.005142,1.000000e+00,0.392578
48980,0.659314,0.603900,0.007588,0.047826,1.000000e+00,0.558594
49000,0.679798,0.476414,0.005124,0.198260,1.000000e+00,0.714844
49020,0.556189,0.397605,0.003271,0.155312,1.000000e+00,0.287109
49040,0.745264,0.613576,0.009285,0.122403,1.000000e+00,0.421875
49060,0.628725,0.605992,0.009092,0.013641,1.000000e+00,0.617188
49080,0.500263,0.439999,0.003569,0.056696,1.000000e+00,0.785156
49100,0.623872,0.561234,0.028400,0.034238,1.000000e+00,0.859375
49120,0.579236,0.199201,0.005778,0.374257,1.000000e+00,0.828125
49140,1.018691,0.768911,0.008916,0.240863,1.000000e+00,0.312500
49160,0.406297,0.344875,0.006628,0.054794,1.000000e+00,0.894531
49180,0.713965,0.515062,0.005915,0.192988,1.000000e+00,0.455078
49200,0.748520,0.557028,0.015306,0.176186,1.000000e+00,0.691406
49220,0.361374,0.282004,0.002846,0.076524,1.000000e+00,0.855469
49240,0.331010,0.306906,0.011592,0.012511,1.000000e+00,0.882812
49260,0.934686,0.763492,0.012621,0.158573,1.000000e+00,0.225586
49280,0.654669,0.618884,0.003865,0.031919,1.000000e+00,0.664062
49300,0.762967,0.431863,0.005126,0.325978,1.000000e+00,0.531250
49320,0.718673,0.520155,0.003651,0.194867,1.000000e+00,0.636719
49340,0.384036,0.188306,0.027681,0.168049,1.000000e+00,0.890625
49360,0.774607,0.708969,0.007122,0.058516,1.000000e+00,0.472656
49380,0.580726,0.291846,0.003887,0.284993,1.000000e+00,0.933594
49400,0.248430,0.212353,0.007482,0.028596,1.000000e+00,0.925781
49420,0.701912,0.534296,0.007773,0.159843,1.000000e+00,0.832031
49440,0.399970,0.275238,0.002348,0.122384,1.000000e+00,0.453125
49460,0.586122,0.418026,0.004517,0.163578,1.000000e+00,0.886719
49480,0.441052,0.412252,0.004455,0.024346,1.000000e+00,0.820312
49500,0.465117,0.445808,0.004226,0.015083,1.000000e+00,0.675781
49520,0.802804,0.750322,0.005911,0.046571,1.000000e+00,0.542969
49540,0.588586,0.328948,0.006162,0.253476,1.000000e+00,0.750000
49560,1.094832,0.610294,0.008724,0.475815,1.000000e+00,0.304688
49580,1.095033,0.938719,0.004777,0.151537,1.000000e+00,0.376953
49600,0.697587,0.600603,0.005774,0.091210,1.000000e+00,0.625000
49620,0.331514,0.311062,0.004275,0.016178,1.000000e+00,0.949219
49640,0.487366,0.424845,0.020406,0.042115,1.000000e+00,0.554688
49660,0.294731,0.147927,0.002678,0.144126,1.000000e+00,0.832031
49680,0.486469,0.226397,0.006772,0.253301,1.000000e+00,0.777344
49700,0.743556,0.638439,0.003345,0.101772,1.000000e+00,0.357422
49720,0.622829,0.563948,0.003600,0.055281,1.000000e+00,0.625000
49740,0.547443,0.539053,0.006523,0.001867,1.000000e+00,0.800781
49760,0.865554,0.650040,0.006650,0.208864,1.000000e+00,0.578125
49780,0.520253,0.269144,0.002972,0.248137,1.000000e+00,0.648438
49800,0.818046,0.458061,0.006990,0.352995,1.000000e+00,0.597656
49820,0.751114,0.254527,0.005921,0.490666,1.000000e+00,0.621094
49840,0.667813,0.554229,0.003554,0.110030,1.000000e+00,0.515625
49860,1.124187,0.939425,0.002258,0.182504,1.000000e+00,0.304688
49880,0.761316,0.681251,0.018203,0.061862,1.000000e+00,0.644531
49900,0.575048,0.360898,0.008451,0.205700,1.000000e+00,0.843750
49920,0.519967,0.512146,0.004139,0.003682,1.000000e+00,0.652344
49940,0.424974,0.408232,0.005857,0.010885,1.000000e+00,0.914062
49960,0.588488,0.525426,0.008684,0.054378,1.000000e+00,0.636719
49980,0.791704,0.404889,0.007836,0.378979,1.000000e+00,0.929688
50000,0.233497,0.186448,0.006497,0.040551,1.000000e+00,0.917969
50020,0.824661,0.257326,0.004893,0.562442,1.000000e+00,0.722656
50040,0.778737,0.524686,0.019705,0.234345,1.000000e+00,0.625000
50060,0.422910,0.379125,0.007461,0.036324,1.000000e+00,0.800781
50080,0.427826,0.360446,0.008595,0.058785,1.000000e+00,0.863281
50100,0.540046,0.522902,0.002384,0.014761,1.000000e+00,0.570312
50120,0.343655,0.243873,0.005134,0.094649,1.000000e+00,0.886719
50140,0.563291,0.511333,0.014976,0.036982,1.000000e+00,0.722656
50160,0.405778,0.363521,0.010695,0.031562,1.000000e+00,0.812500
50180,0.334393,0.319741,0.006034,0.008619,1.000000e+00,0.878906
50200,0.586542,0.562968,0.004483,0.019091,1.000000e+00,0.742188
50220,0.868867,0.623909,0.004500,0.240458,1.000000e+00,0.511719
50240,0.748878,0.685311,0.007724,0.055843,1.000000e+00,0.460938
50260,0.305078,0.159774,0.004021,0.141283,1.000000e+00,0.816406
50280,0.299653,0.276490,0.006856,0.016307,1.000000e+00,0.894531
50300,0.586715,0.298594,0.008357,0.279764,1.000000e+00,0.855469
50320,0.422421,0.196036,0.006850,0.219535,1.000000e+00,0.804688
50340,0.607355,0.355137,0.002263,0.249955,1.000000e+00,0.492188
50360,0.803543,0.325024,0.006399,0.472121,1.000000e+00,0.707031
50380,0.848785,0.646969,0.004844,0.196971,1.000000e+00,0.562500
50400,0.475483,0.436909,0.006760,0.031814,1.000000e+00,0.792969
50420,0.394922,0.373918,0.008199,0.012805,1.000000e+00,0.804688
50440,0.486776,0.347488,0.006246,0.133043,1.000000e+00,0.808594
50460,0.621730,0.464147,0.004792,0.152791,1.000000e+00,0.523438
50480,0.515852,0.188900,0.002609,0.324342,1.000000e+00,0.699219
50500,0.427485,0.222367,0.001929,0.203188,1.000000e+00,0.742188
50520,0.651144,0.500163,0.002889,0.148092,1.000000e+00,0.628906
50540,0.593938,0.359493,0.004264,0.230181,1.000000e+00,0.816406
50560,0.522078,0.324336,0.003009,0.194733,1.000000e+00,0.781250
50580,0.314105,0.281584,0.008705,0.023816,1.000000e+00,0.933594
50600,0.280633,0.226838,0.003549,0.050246,1.000000e+00,0.882812
50620,0.751480,0.439112,0.004913,0.307454,1.000000e+00,0.632812
50640,0.331369,0.323966,0.005202,0.002201,1.000000e+00,0.695312
50660,0.632084,0.573674,0.003479,0.054930,1.000000e+00,0.621094
50680,0.476717,0.320935,0.004868,0.150914,1.000000e+00,0.648438
50700,0.802897,0.781690,0.008155,0.013052,1.000000e+00,0.511719
50720,0.567386,0.170892,0.005029,0.391465,1.000000e+00,0.972656
50740,0.374018,0.150029,0.005888,0.218101,1.000000e+00,0.867188
50760,0.369706,0.359908,0.002313,0.007485,1.000000e+00,0.757812
50780,1.108096,0.751271,0.007927,0.348898,1.000000e+00,0.371094
50800,0.658437,0.653490,0.004701,0.000247,1.000000e+00,0.730469
50820,0.687081,0.682424,0.002479,0.002178,1.000000e+00,0.439453
50840,1.155922,0.928339,0.003567,0.224015,1.000000e+00,0.373047
50860,0.305784,0.238029,0.001842,0.065913,1.000000e+00,0.898438
50880,0.225051,0.207794,0.005284,0.011973,1.000000e+00,0.753906
50900,0.335366,0.320490,0.003269,0.011606,1.000000e+00,0.789062
50920,0.678678,0.358747,0.005598,0.314333,1.000000e+00,0.792969
50940,0.469672,0.295260,0.021438,0.152974,1.000000e+00,0.640625
50960,0.749052,0.455339,0.006748,0.286965,1.000000e+00,0.683594
50980,0.304828,0.283443,0.009163,0.012222,1.000000e+00,0.925781
51000,0.422728,0.390011,0.004855,0.027862,1.000000e+00,0.640625
51020,0.865811,0.553604,0.006810,0.305397,1.000000e+00,0.566406
51040,0.499937,0.245278,0.003509,0.251149,1.000000e+00,0.785156
51060,0.576752,0.340209,0.004551,0.231992,1.000000e+00,0.828125
51080,0.550689,0.497488,0.003544,0.049658,1.000000e+00,0.648438
51100,0.421135,0.392608,0.004692,0.023835,1.000000e+00,0.730469
51120,0.357315,0.255446,0.012418,0.089451,1.000000e+00,0.917969
51140,0.482432,0.431720,0.016234,0.034478,1.000000e+00,0.750000
51160,0.452164,0.272017,0.003394,0.176753,1.000000e+00,0.886719
51180,0.922824,0.833238,0.006972,0.082614,1.000000e+00,0.449219
51200,0.517517,0.199599,0.006150,0.311768,1.000000e+00,0.843750
51220,0.665488,0.652899,0.002965,0.009623,1.000000e+00,0.593750
51240,0.731238,0.503136,0.003524,0.224578,1.000000e+00,0.695312
51260,1.125258,1.105885,0.008558,0.010815,1.000000e+00,0.589844
51280,0.573155,0.455908,0.005521,0.111726,1.000000e+00,0.824219
51300,0.280223,0.248524,0.003465,0.028233,1.000000e+00,0.890625
51320,0.591485,0.566406,0.012951,0.012128,1.000000e+00,0.699219
51340,0.875487,0.709507,0.009910,0.156070,1.000000e+00,0.443359
51360,0.433873,0.405418,0.005287,0.023167,1.000000e+00,0.691406
51380,0.792598,0.200723,0.013272,0.578603,1.000000e+00,0.859375
51400,0.607759,0.552586,0.012445,0.042728,1.000000e+00,0.789062
51420,0.548532,0.414360,0.007121,0.127051,1.000000e+00,0.914062
51440,0.759508,0.407873,0.008358,0.343277,1.000000e+00,0.734375
51460,0.690053,0.443301,0.008363,0.238390,1.000000e+00,0.451172
51480,0.636860,0.601362,0.003365,0.032133,1.000000e+00,0.597656
51500,0.570935,0.292969,0.021989,0.255978,1.000000e+00,0.976562
51520,0.460574,0.425887,0.010381,0.024305,1.000000e+00,0.890625
51540,0.600691,0.322264,0.026844,0.251583,1.000000e+00,0.859375
51560,0.548071,0.380736,0.011616,0.155719,1.000000e+00,0.718750
51580,0.561991,0.262058,0.004656,0.295278,1.000000e+00,0.714844
51600,0.641373,0.513109,0.010913,0.117350,1.000000e+00,0.632812
51620,0.410743,0.264663,0.005137,0.140943,1.000000e+00,0.914062
51640,0.607383,0.513114,0.003853,0.090417,1.000000e+00,0.656250
51660,0.686271,0.503687,0.027448,0.155136,1.000000e+00,0.664062
